session_id,station_id,started_at,ended_at,duration_minutes,energy_kwh,station_power_kw,session_type,price_per_kwh,cost_pln,driver_id,is_anomaly
ad3c2d6d1a3d4fa7bc8960a923b8c1e9,506801,2025-08-13T11:49:00+00:00,2025-08-13T12:45:00+00:00,56.0,123.718,149.0,public,0.7922,98.01,DRV_a53330cf-fd67,false
07a0ca6e082248f3ac031199972a8469,176321,2025-12-30T02:44:00+00:00,2025-12-30T07:29:00+00:00,285.0,32.818,8.2,home,0.4311,14.15,DRV_54381a65-801b,false
32e706298fad41a686cb0fb39a1de644,161310,2024-02-07T09:51:00+00:00,2024-02-07T10:14:00+00:00,23.0,13.878,50.0,public,0.6103,8.47,DRV_9057c2b8-4882,false
96da1dac72ff4d2ab86ecbe06b65a6a4,175657,2024-08-27T07:56:00+00:00,2024-08-27T11:27:00+00:00,211.0,31.126,14.6,work,0.3273,10.19,DRV_6aa94041-b059,false
27cd813047224389971aa8766c307511,167250,2025-05-02T23:33:00+00:00,2025-05-03T06:34:00+00:00,421.0,56.106,10.1,home,0.4016,22.54,DRV_e8fc7ee5-2240,false
18c2679761424a7d97be31111a2a73ed,301729,2025-01-03T16:44:00+00:00,2025-01-03T17:06:00+00:00,22.0,102.902,350.0,public,0.6066,62.42,DRV_b1aa7cc4-5273,false
bacfb3d00b1f41638e9ff57f43b7a3a6,194466,2025-05-30T12:29:00+00:00,2025-05-30T13:01:00+00:00,32.0,154.552,350.0,public,0.7219,111.57,DRV_31f28ce1-9446,false
8d5288f1142c4fe8a0e7a113ec1b8ca1,157635,2025-04-25T15:47:00+00:00,2025-04-25T16:33:00+00:00,46.0,64.95,100.0,public,0.7321,47.55,DRV_24a12f2f-29f0,false
93cd59bf5c944cf09c98d2c1e2acf72f,160899,2025-09-14T19:32:00+00:00,2025-09-15T04:27:00+00:00,535.0,43.126,8.3,home,0.4039,17.42,DRV_dfd221ba-fc97,false
3b982ef8daf64a26946d3f31fc377a4c,460080,2024-03-04T09:44:00+00:00,2024-03-04T11:54:00+00:00,130.0,27.544,17.6,work,0.3125,8.61,DRV_907ad639-7d94,false
5d65a441d58842dea2bc372f7412b293,506364,2025-01-18T10:16:00+00:00,2025-01-18T19:17:00+00:00,541.0,41.352,7.0,home,0.3947,16.32,DRV_6a3cd66e-8b84,false
efc89849b3aa4efe8458a885ab9099a4,301728,2025-10-25T14:41:00+00:00,2025-10-25T15:27:00+00:00,46.0,238.902,350.0,public,0.7192,171.82,DRV_b02aa5e0-aa47,false
baa80dd488bd4407abcfbe01a28defe3,176106,2024-11-28T15:34:00+00:00,2024-11-28T23:13:00+00:00,459.0,87.378,16.8,work,0.3294,28.78,DRV_f2d05fba-1905,false
a3d70628ece64fa2bd5166e6451b4cf3,195017,2025-02-27T09:14:00+00:00,2025-02-27T09:37:00+00:00,23.0,72.647,350.0,public,0.6801,49.41,DRV_9c42860a-c769,false
c6a7ee39c4b042cc97c524a55304317f,463059,2024-01-20T21:41:00+00:00,2024-01-21T06:19:00+00:00,518.0,36.657,6.3,home,0.3547,13.0,DRV_aa7b53bb-c1fd,false
f16287e4e9c349e0b602f8ac10f1bc81,162238,2024-08-06T19:22:00+00:00,2024-08-06T23:06:00+00:00,224.0,18.754,8.4,home,0.377,7.07,DRV_077e1306-cd15,false
654821d07fcd4eb1a7cad415366eb16f,161358,2025-01-31T11:37:00+00:00,2025-01-31T18:40:00+00:00,423.0,49.672,14.1,work,0.3354,16.66,DRV_c0b183e2-fb45,false
3f22faf823be401d83cf2fde24933b83,162238,2024-12-22T03:39:00+00:00,2024-12-22T13:37:00+00:00,598.0,85.624,9.9,home,0.3985,34.12,DRV_e2a106af-af28,false
e5d7b8756dad46c795a76d79bf3c4c06,507621,2025-07-25T15:40:00+00:00,2025-07-25T16:22:00+00:00,42.0,11.561,22.2,public,0.8115,9.38,DRV_bb8099c7-e74b,false
827050a823694584bf5e9ff0ff50bde4,312711,2025-05-13T10:41:00+00:00,2025-05-13T14:32:00+00:00,231.0,38.89,18.2,work,0.3432,13.35,DRV_48cb2b71-a5da,false
a0a04dc427204bdf9c11f735dc713d96,175521,2025-11-04T10:25:00+00:00,2025-11-04T10:46:00+00:00,21.0,9.206,40.0,public,0.772,7.11,DRV_3cad45b1-6c08,false
61b1cd2262804c4590435a1098ae4334,176321,2025-10-22T22:37:00+00:00,2025-10-23T06:38:00+00:00,481.0,36.671,7.2,home,0.4009,14.7,DRV_f7271269-ebd3,false
dc5c0eed8da0465bb89897b9405cacec,504573,2024-08-24T13:54:00+00:00,2024-08-24T14:25:00+00:00,31.0,64.698,150.0,public,0.7086,45.85,DRV_5c8118ab-1f0b,false
6f4cc69a4b2243089c8eaee95715bd6f,507632,2024-01-17T08:04:00+00:00,2024-01-17T09:07:00+00:00,63.0,18.507,22.2,public,0.7574,14.02,DRV_c1443cfd-b79c,false
2dbc2134c30f446e8026695ff8cda88b,301731,2025-10-21T12:46:00+00:00,2025-10-21T13:33:00+00:00,47.0,145.359,350.0,public,0.8606,125.1,DRV_14428da1-75a9,false
a39231a7d77744778c66e0a8a013ac6e,502190,2024-11-04T04:07:00+00:00,2024-11-04T12:29:00+00:00,502.0,24.117,6.0,home,0.3794,9.15,DRV_9843a578-ae22,false
8a14be62295b47158333e8615fb8d16c,185538,2024-11-18T16:27:00+00:00,2024-11-18T21:19:00+00:00,292.0,57.035,13.5,work,0.3264,18.62,DRV_4400b502-61bc,false
edd968311ca34cfb84fc6d827d154385,176321,2024-05-30T07:09:00+00:00,2024-05-30T12:47:00+00:00,338.0,23.378,4.7,home,0.3772,8.82,DRV_d8a21f77-07e8,false
f26b4776913e4de2a0c53cb83da9c2a9,160959,2025-07-09T18:46:00+00:00,2025-07-10T01:08:00+00:00,382.0,26.967,4.8,home,0.4102,11.06,DRV_93a9cfe7-945a,false
8cbfedb0f2644cccb9ac1b1ea8e56e0c,175597,2024-09-26T15:02:00+00:00,2024-09-26T20:44:00+00:00,342.0,62.085,19.0,work,0.3222,20.01,DRV_898dfc1d-1675,false
36386821f6e04cc0ac52c49f9b49bd26,175697,2024-06-18T09:42:00+00:00,2024-06-18T10:10:00+00:00,28.0,11.878,40.0,public,0.6163,7.32,DRV_5c2ebdec-787b,false
a65e688eabf34d39bec21bbe66245bfa,162236,2025-02-27T14:24:00+00:00,2025-02-27T14:45:00+00:00,21.0,7.798,40.0,public,0.7948,6.2,DRV_cf0e2e68-d0dd,false
3985c3cf3f764e1d9efa21977394988f,506364,2025-08-20T19:15:00+00:00,2025-08-21T03:46:00+00:00,511.0,46.154,6.4,home,0.3917,18.08,DRV_7f7fd44c-38f2,false
a18ff6b6b535406e922c9a5601d74256,472800,2024-09-18T22:57:00+00:00,2024-09-19T01:16:00+00:00,139.0,13.889,8.9,home,0.3764,5.23,DRV_0ffa9665-7f91,false
ab4220a7474a493bbceddf2d839fbc50,175716,2025-07-31T14:17:00+00:00,2025-07-31T17:26:00+00:00,189.0,55.281,20.6,work,0.3405,18.82,DRV_ac689835-0986,false
922fe15ae1e34b63af7ddc76b92da22b,160959,2025-01-31T01:12:00+00:00,2025-01-31T06:13:00+00:00,301.0,32.219,9.2,home,0.3877,12.49,DRV_0ffa9665-7f91,false
30beb45f683544f28eb81f9d7914c120,469428,2024-12-26T12:25:00+00:00,2024-12-26T19:32:00+00:00,427.0,23.379,6.2,home,0.3858,9.02,DRV_1c7d1a14-2e64,false
778eedb3693d4fbcac6fa6115ab33edf,460080,2024-11-27T10:18:00+00:00,2024-11-27T15:09:00+00:00,291.0,43.306,14.2,work,0.314,13.6,DRV_b28b5c36-59df,false
56dc8907ba6c44aba712303a0f844fef,502190,2024-05-17T15:43:00+00:00,2024-05-17T20:16:00+00:00,273.0,21.324,5.4,home,0.3682,7.85,DRV_f5fe5f8f-53c2,false
72d8567d894a45e4b0b187ef310c0c00,188549,2024-11-07T16:01:00+00:00,2024-11-07T18:02:00+00:00,121.0,39.128,22.0,work,0.3292,12.88,DRV_cd19a3e2-7b2d,false
ec5b227cdfde4fbfbff350bf766ecb15,167250,2025-11-04T00:41:00+00:00,2025-11-04T09:26:00+00:00,525.0,54.766,9.2,home,0.4109,22.51,DRV_19e3f2bf-375e,false
ed2662e917e041b7b810238303c72ba8,256008,2024-04-05T12:25:00+00:00,2024-04-05T13:06:00+00:00,41.0,149.56,350.0,public,0.6973,104.29,DRV_e4ae6e83-c0da,false
36b824817b3a4e3ebc52fa17680ac07a,203702,2025-12-13T14:47:00+00:00,2025-12-13T15:35:00+00:00,48.0,44.532,100.0,public,0.8192,36.48,DRV_19e3f2bf-375e,false
6c4a37ea490647f2b47b6dbac8fe3ccd,162239,2024-04-09T01:20:00+00:00,2024-04-09T08:20:00+00:00,420.0,41.126,10.7,home,0.3412,14.03,DRV_aa75bf17-d11f,false
b7e99acaa97045e18e46d534c88a618e,306398,2024-11-29T14:01:00+00:00,2024-11-29T14:18:00+00:00,17.0,28.991,180.0,public,0.7837,22.72,DRV_7fa74149-3ad0,false
944528c00ef842d6b7fd564637bb3eec,194562,2025-05-09T09:45:00+00:00,2025-05-09T10:13:00+00:00,28.0,121.031,350.0,public,0.7378,89.29,DRV_3cad45b1-6c08,false
958ca9ba0cd640c28ea2622b504867ba,307835,2025-10-12T21:07:00+00:00,2025-10-13T05:35:00+00:00,508.0,45.643,7.2,home,0.4183,19.09,DRV_54f1705a-be3d,false
f5f59b220e8f48e0a84d82e587f7e1fb,167250,2024-05-15T09:28:00+00:00,2024-05-15T17:52:00+00:00,504.0,32.273,6.1,home,0.359,11.59,DRV_8e09c1d3-de48,false
acdabacc1165421098543881118a9d29,175716,2024-05-13T12:49:00+00:00,2024-05-13T12:49:00+00:00,0.0,0.0,16.6,work,0.3112,0.0,DRV_8d4d5f35-e365,false
3f07f81491d64f78a3e9de99f10c718b,176321,2025-05-24T19:55:00+00:00,2025-05-25T02:14:00+00:00,379.0,27.363,6.7,home,0.4081,11.17,DRV_adbc41dd-d5cd,false
956b8c0ca8494b92ab5252e314fcdd54,469428,2024-10-07T11:14:00+00:00,2024-10-07T19:17:00+00:00,483.0,55.464,9.9,home,0.3776,20.94,DRV_339b1933-d85d,false
b758588dab73495bb44a54b842c18a62,307835,2025-06-04T13:50:00+00:00,2025-06-04T22:41:00+00:00,531.0,25.001,3.8,home,0.4022,10.05,DRV_51185a46-8ce7,false
4ccc9bc2a53f4a28abf3e3fc21813d25,194465,2025-10-03T14:46:00+00:00,2025-10-03T15:46:00+00:00,60.0,293.416,350.0,public,0.7421,217.75,DRV_6c976415-6691,false
7552332702624f7392922f83ef8c485b,460080,2024-03-11T15:55:00+00:00,2024-03-11T19:51:00+00:00,236.0,48.879,14.5,work,0.2993,14.63,DRV_cd19a3e2-7b2d,false
369147eb89a2488b92c136e019985f15,306398,2025-10-16T13:48:00+00:00,2025-10-16T14:30:00+00:00,42.0,107.359,180.0,public,0.8009,85.98,DRV_55e9e0c9-13ec,false
e117dac3119c4ea3a18050815958a499,301732,2024-02-04T14:05:00+00:00,2024-02-04T14:36:00+00:00,31.0,122.27,350.0,public,0.6564,80.26,DRV_bb10ee6e-a271,false
b41b31438b10450c95704f32702cdd20,176228,2025-11-14T14:56:00+00:00,2025-11-14T20:52:00+00:00,356.0,107.842,20.2,work,0.3542,38.19,DRV_62569eb4-41e6,false
4ca415ea8dfa4a56912dbc9aaaf91531,175657,2025-12-22T10:01:00+00:00,2025-12-22T15:31:00+00:00,330.0,66.738,17.3,work,0.3703,24.71,DRV_85efc267-bc6d,false
8da01097be0f451b9b66b5a9e3c43657,171420,2025-06-21T20:20:00+00:00,2025-06-22T06:16:00+00:00,596.0,24.075,4.4,home,0.4098,9.87,DRV_6ce0368f-6b31,false
341ef40b57c740aab7b56ea735ebd32d,160959,2025-12-24T00:23:00+00:00,2025-12-24T08:13:00+00:00,470.0,20.939,4.8,home,0.4158,8.71,DRV_d1d0d142-596a,false
e7c421c740494b71bd106c6081627cf1,463062,2025-10-03T11:29:00+00:00,2025-10-03T16:21:00+00:00,292.0,63.054,14.8,work,0.3705,23.36,DRV_c26ef00a-98aa,false
c56811cd5563461680e85ece0b49452d,480696,2024-02-08T16:14:00+00:00,2024-02-08T21:11:00+00:00,297.0,82.42,19.3,work,0.3113,25.66,DRV_f12a17e7-2202,false
0279b6a68f9747b0ad7ce3c9b4a69f3c,175657,2024-01-03T14:07:00+00:00,2024-01-03T20:41:00+00:00,394.0,110.237,19.9,work,0.294,32.41,DRV_c078edf2-659b,false
951f58d05e84405895a804eb093923de,194330,2024-01-20T14:50:00+00:00,2024-01-20T15:28:00+00:00,38.0,24.147,50.0,public,0.6737,16.27,DRV_91035472-40b3,false
e623a6895d594d2a8eea04e70ab54bde,298781,2025-01-24T15:38:00+00:00,2025-01-24T20:53:00+00:00,315.0,52.429,13.4,work,0.3331,17.46,DRV_b3944f7b-811d,false
1a50aec3aabc45fabfe12e47ae9bec36,189427,2025-05-20T10:28:00+00:00,2025-05-20T15:48:00+00:00,320.0,51.948,11.6,work,0.3339,17.35,DRV_16633cb1-d1ee,false
9ee3ac2af94d4204a808593fdfed2c43,235604,2025-02-12T11:46:00+00:00,2025-02-12T19:34:00+00:00,468.0,89.334,17.4,work,0.3299,29.47,DRV_18cef4e4-83e1,false
e1a47e102d534dd08f8ebc5accc56569,469428,2025-06-28T05:54:00+00:00,2025-06-28T12:07:00+00:00,373.0,47.953,10.5,home,0.3991,19.14,DRV_06fc8b64-0bea,false
ee49f329c84a4b28950a1b46ecab3301,474506,2025-01-24T02:13:00+00:00,2025-01-24T09:25:00+00:00,432.0,49.03,7.7,home,0.386,18.92,DRV_c26ef00a-98aa,false
444d610b3f8743628f8d446abc2cbb0d,160899,2024-02-08T00:19:00+00:00,2024-02-08T06:27:00+00:00,368.0,16.478,5.2,home,0.3503,5.77,DRV_47c25cd4-9ca2,false
dbccc47709e94b0a9f46529061ee411a,157587,2024-08-09T20:56:00+00:00,2024-08-09T23:55:00+00:00,179.0,17.36,7.7,home,0.3565,6.19,DRV_40880882-238c,false
4e20fd1a598346e3b5d66ed4eb1fa9f2,502190,2025-12-28T17:32:00+00:00,2025-12-28T19:24:00+00:00,112.0,9.159,7.3,home,0.4226,3.87,DRV_581a5e7e-896e,false
dd463c09475247aa9408f9ac6601ddd0,194179,2024-11-17T20:16:00+00:00,2024-11-17T21:03:00+00:00,47.0,71.493,133.0,public,0.632,45.18,DRV_221c5b38-ba7e,false
89456f27d7fa4d8dbb2ca025adf4e62d,157550,2024-11-01T04:09:00+00:00,2024-11-01T14:06:00+00:00,597.0,63.546,7.0,home,0.3751,23.83,DRV_a89e992a-95e7,false
2db69edb42de4fccb86c2ca2e08596db,162239,2024-05-24T07:59:00+00:00,2024-05-24T17:43:00+00:00,584.0,61.539,7.5,home,0.3612,22.23,DRV_5c6c80bb-d3a5,false
82ec9f2dfbf6416f9b3080d56fb78271,157587,2025-12-26T19:32:00+00:00,2025-12-26T23:17:00+00:00,225.0,27.136,10.7,home,0.4125,11.19,DRV_b1ecf375-8627,false
b82c9074afd54ea589d7fd6cce777f00,506364,2024-08-13T01:51:00+00:00,2024-08-13T09:01:00+00:00,430.0,23.733,4.3,home,0.3695,8.77,DRV_fa2448b2-f621,false
5487fd4febb74385aa0b7b14f2e9702d,161416,2025-06-05T12:38:00+00:00,2025-06-05T18:14:00+00:00,336.0,69.01,17.9,work,0.3375,23.29,DRV_8bdea2fb-6d88,false
4ce1eb90e6694833b841d0a01fe771d6,189690,2024-02-07T08:26:00+00:00,2024-02-07T10:33:00+00:00,127.0,25.717,21.7,work,0.3067,7.89,DRV_688f19d5-6789,false
4bb00f20b27c4026a703b6365380b904,307435,2024-03-02T10:51:00+00:00,2024-03-02T11:23:00+00:00,32.0,95.173,250.0,public,0.6624,63.04,DRV_21e8596e-561c,false
ad64b56c610f4a3fb0bbac67aa38d0a1,175716,2025-07-28T12:21:00+00:00,2025-07-28T18:59:00+00:00,398.0,66.441,17.7,work,0.3493,23.21,DRV_851185aa-eb3e,false
8c459ce267f44ad58d0b0d1a91b0e1d9,157587,2025-05-28T18:46:00+00:00,2025-05-28T23:43:00+00:00,297.0,23.348,6.8,home,0.4043,9.44,DRV_d912c8e0-a397,false
9479e1e6c9274d9bae0d264835ce8841,307435,2025-06-29T10:27:00+00:00,2025-06-29T11:16:00+00:00,49.0,130.042,250.0,public,0.8003,104.07,DRV_19e3f2bf-375e,false
36b5229aacf5481eb13162697118e364,472800,2024-08-13T09:53:00+00:00,2024-08-13T11:58:00+00:00,125.0,9.669,6.3,home,0.3732,3.61,DRV_85dbf177-0ca9,false
2b70e525bc6748318bc84759f5b78cc7,502190,2025-12-25T10:30:00+00:00,2025-12-25T19:22:00+00:00,532.0,36.809,6.8,home,0.4236,15.59,DRV_e4b8a64b-c13e,false
55cee5db9e87404ca2086977a9f25336,160959,2025-04-05T03:19:00+00:00,2025-04-05T07:24:00+00:00,245.0,19.693,7.6,home,0.3977,7.83,DRV_c51c0488-d1ba,false
0640be0f25b84d4bb2fa2de8ce7ae7f6,507636,2025-12-18T21:43:00+00:00,2025-12-18T23:06:00+00:00,83.0,20.663,22.2,public,0.7435,15.36,DRV_a31ebfa0-52e4,false
a1384ddce2d94e5daa18ce4c74962764,210127,2024-06-04T14:51:00+00:00,2024-06-04T18:22:00+00:00,211.0,30.718,16.2,work,0.3176,9.76,DRV_ac4ee2cc-0e37,false
3e75c3b4664f4663be8f8095624c69b6,162238,2024-12-27T02:51:00+00:00,2024-12-27T10:51:00+00:00,480.0,48.738,7.3,home,0.3881,18.92,DRV_0eb58596-4dc5,false
c521bf2ddc454539803f3538e4855aa1,175716,2024-11-08T10:28:00+00:00,2024-11-08T13:31:00+00:00,183.0,26.614,11.9,work,0.3131,8.33,DRV_be032052-3a99,false
0cdb1ca476ec4dd68498e113b227462c,307648,2025-08-24T04:26:00+00:00,2025-08-24T14:04:00+00:00,578.0,55.955,9.0,home,0.3898,21.81,DRV_ac4ee2cc-0e37,false
cd29a36f222242e1b4daaebf1f115b76,161414,2025-08-19T09:08:00+00:00,2025-08-19T16:19:00+00:00,431.0,55.637,14.5,work,0.3589,19.97,DRV_29ae7d55-d1fc,false
f335cba3513a4052986f90258f15ba58,160959,2025-02-16T22:02:00+00:00,2025-02-17T05:38:00+00:00,456.0,57.395,9.4,home,0.3887,22.31,DRV_9d714b56-e42c,false
81392443e45b412eb8225688d0a44432,160899,2024-01-15T03:55:00+00:00,2024-01-15T07:22:00+00:00,207.0,24.697,9.4,home,0.3568,8.81,DRV_329b1b47-a616,false
be6033f728be4288a5af6e39722764e6,506364,2024-06-16T22:43:00+00:00,2024-06-17T01:52:00+00:00,189.0,17.608,7.2,home,0.3559,6.27,DRV_097bdd58-3aa0,false
a33dc7afd701410dbf4b1a70c074718e,463061,2024-02-14T15:34:00+00:00,2024-02-14T21:50:00+00:00,376.0,108.708,19.0,work,0.3104,33.74,DRV_48d4a9f9-4960,false
464c04af3d3f4799a07295e97c0e8cd8,502190,2025-10-18T20:35:00+00:00,2025-10-19T04:03:00+00:00,448.0,25.982,4.1,home,0.4013,10.43,DRV_59775306-4fb7,false
51d87c6455fa4ab8858f1f193c07c574,176321,2024-10-05T18:01:00+00:00,2024-10-05T22:10:00+00:00,249.0,37.667,10.3,home,0.3736,14.07,DRV_fc2f07d0-fcfc,false
10714d5136c54dacb4d7e28e271e3ee2,502190,2024-04-20T08:27:00+00:00,2024-04-20T16:42:00+00:00,495.0,76.203,10.9,home,0.3533,26.92,DRV_1ad84019-af7b,false
34f3193c0ff0455caa702e2f7746d0ba,303138,2024-11-23T18:55:00+00:00,2024-11-23T19:50:00+00:00,55.0,173.367,250.0,public,0.6956,120.6,DRV_5c8118ab-1f0b,false
b20dcb6ef2314f1795863a76c51155ff,194332,2024-03-11T18:27:00+00:00,2024-03-11T19:01:00+00:00,34.0,23.459,50.0,public,0.7134,16.74,DRV_a14ecc88-b351,false
c0e3befd4c7140fe9a0cdd7cf1578470,175653,2025-12-23T12:34:00+00:00,2025-12-23T18:49:00+00:00,375.0,84.709,16.1,work,0.364,30.83,DRV_aafdeea0-dff8,false
bf5d2fdf89c842abab44fa8dd5f25073,171420,2024-10-25T00:22:00+00:00,2024-10-25T09:44:00+00:00,562.0,43.6,6.5,home,0.3654,15.93,DRV_08be236f-1dad,false
382c043f7cfc4b79b875394ce5d6f6e6,462196,2025-11-30T10:06:00+00:00,2025-11-30T11:02:00+00:00,56.0,159.626,250.0,public,0.9162,146.26,DRV_b1aa7cc4-5273,false
addc3e13ab3b4d37960c95ee638c254c,161309,2025-07-01T08:19:00+00:00,2025-07-01T09:15:00+00:00,56.0,42.007,50.0,public,0.7057,29.64,DRV_040c3776-528d,false
20ac3703eb67446ab7a6e17cd72b6108,301732,2025-04-11T10:05:00+00:00,2025-04-11T10:56:00+00:00,51.0,252.698,350.0,public,0.8514,215.16,DRV_00b66992-b777,false
a48b3dbe157d44a186f028ffa9ba5a27,460947,2025-02-09T18:34:00+00:00,2025-02-10T02:07:00+00:00,453.0,50.675,8.2,home,0.4026,20.4,DRV_a31ebfa0-52e4,false
610cf37342994aa48cdf742b2e85cb21,274124,2025-07-05T21:58:00+00:00,2025-07-06T06:38:00+00:00,520.0,59.863,9.1,home,0.3968,23.75,DRV_b37cc533-8332,false
610e6a64e130461782dff33556666f9f,157587,2025-07-04T19:21:00+00:00,2025-07-05T05:15:00+00:00,594.0,37.208,4.8,home,0.3997,14.87,DRV_2ba3518f-0c98,false
8a175dfebfc04dc884f64d8678660765,312658,2024-01-11T15:51:00+00:00,2024-01-11T16:36:00+00:00,45.0,78.218,150.0,public,0.6106,47.76,DRV_3ef60d16-bdfd,false
c1156d6d0a4e4b70a6d964a3f510ab53,188549,2025-11-19T15:02:00+00:00,2025-11-19T18:24:00+00:00,202.0,38.367,20.1,work,0.3554,13.63,DRV_13776789-b7d0,false
ab61a7b1793b4c32a05004943d114802,162239,2024-12-02T19:30:00+00:00,2024-12-03T04:16:00+00:00,526.0,32.891,7.2,home,0.394,12.96,DRV_86e2af58-1cad,false
9b7492459b1b4895aaf43ab75e6fea07,459865,2024-11-22T17:39:00+00:00,2024-11-23T00:00:00+00:00,381.0,31.148,10.3,home,0.3805,11.85,DRV_59775306-4fb7,false
0692dc6394244ed59bac5c154fa03f26,176228,2024-12-27T15:19:00+00:00,2024-12-27T15:19:00+00:00,0.0,0.0,11.8,work,0.3334,0.0,DRV_b42db00b-cc54,false
658b252360144de9b54ad0a2e87466d7,160899,2025-07-04T11:05:00+00:00,2025-07-04T13:23:00+00:00,138.0,7.618,4.7,home,0.4183,3.19,DRV_16393287-42d0,false
c5c14eb4b27b4d909a16342c3e2b6091,195016,2024-12-08T19:13:00+00:00,2024-12-08T20:02:00+00:00,49.0,238.88,350.0,public,0.7657,182.92,DRV_667a1425-527a,false
fbdd3933cbd54bf69efd76e9ce3714af,301727,2024-12-07T09:04:00+00:00,2024-12-07T09:21:00+00:00,17.0,66.87,350.0,public,0.6518,43.58,DRV_794aeb6e-2330,false
5eddbbbfa9594663adaa2e688861fe18,175698,2024-02-27T16:53:00+00:00,2024-02-27T17:14:00+00:00,21.0,10.22,40.0,public,0.666,6.81,DRV_fbc3c565-5033,false
f5f62c976efb43b19b0498637d7ddbed,274124,2025-01-03T18:00:00+00:00,2025-01-03T21:57:00+00:00,237.0,20.063,7.8,home,0.3743,7.51,DRV_1da6f093-3097,false
6f7c15ea272a4d8eb5122df875b17a55,175655,2024-05-21T10:04:00+00:00,2024-05-21T16:33:00+00:00,389.0,44.446,13.8,work,0.298,13.24,DRV_a31ebfa0-52e4,false
cee624d09dac4e8385241ea6a6846099,176017,2025-10-22T10:47:00+00:00,2025-10-22T14:49:00+00:00,242.0,-57.18605971872637,19.3,work,0.3482,18.57,DRV_5adfd901-d4eb,true
da09dfa052824d8084b591f797ac6aa8,161416,2024-11-08T08:17:00+00:00,2024-11-08T10:53:00+00:00,156.0,33.181,20.5,work,0.3232,10.72,DRV_a31ebfa0-52e4,false
9c3eb2d591e14a96b6f72255c01f36bf,459865,2025-12-14T20:21:00+00:00,2025-12-15T00:03:00+00:00,222.0,12.806,5.5,home,0.4158,5.32,DRV_b77c63df-6dd8,false
2e8d0e87533440e699d80b8d7e8adee7,157587,2025-07-03T13:18:00+00:00,2025-07-03T17:05:00+00:00,227.0,18.988,8.5,home,0.4074,7.74,DRV_18cef4e4-83e1,false
e15ca666479742c9972072464223623b,506364,2025-08-24T17:53:00+00:00,2025-08-25T01:23:00+00:00,450.0,25.628,6.3,home,0.4092,10.49,DRV_ee18989a-6e51,false
f2b43abf84414efd8299436a8e485223,169761,2025-12-09T15:55:00+00:00,2025-12-09T21:36:00+00:00,341.0,61.218,14.2,work,0.3709,22.71,DRV_b752bb7c-e9b6,false
c21714298e204724bd137018680bac63,193148,2024-08-22T19:55:00+00:00,2024-08-22T22:41:00+00:00,166.0,10.684,4.9,home,0.3669,3.92,DRV_a9491ab0-351d,false
cafda61372bb412dbda67785b63b4dc3,157587,2025-04-11T21:18:00+00:00,2025-04-12T07:12:00+00:00,594.0,54.549,6.5,home,0.3886,21.2,DRV_87ea5d87-7fa1,false
4e6384bb3e494f43b118f68d6786d506,157587,2024-02-06T03:12:00+00:00,2024-02-06T10:30:00+00:00,438.0,33.355,8.0,home,0.3451,11.51,DRV_5052d185-32bb,false
6cedd15d58004c0287ea7ff58db06746,504574,2024-04-02T09:49:00+00:00,2024-04-02T14:56:00+00:00,307.0,43.708,13.9,work,0.31,13.55,DRV_7fb353fa-4357,false
1ee34dc43b044a8b805bfdc94e7ed827,474506,2024-12-01T06:50:00+00:00,2024-12-01T09:22:00+00:00,152.0,7.507,5.0,home,0.3784,2.84,DRV_37c4bba9-77e5,false
c31edbbcf36c462b892e6161be2d740a,301727,2025-07-01T19:21:00+00:00,2025-07-01T20:00:00+00:00,39.0,123.5,350.0,public,0.7837,96.79,DRV_1bbff57d-0878,false
b97e670346c84dfebbf47042bd1531c8,302372,2025-10-09T15:34:00+00:00,2025-10-09T22:54:00+00:00,440.0,112.468,20.5,work,0.3581,40.27,DRV_19b5f201-eff3,false
19bc143efb024ebb88729a4d98c7472a,162238,2024-09-07T21:23:00+00:00,2024-09-08T02:18:00+00:00,295.0,14.94,5.2,home,0.3784,5.65,DRV_bb63c769-3173,false
039f3a254d6148bdadefe1935c62b3a2,463061,2025-08-20T14:00:00+00:00,2025-08-20T17:44:00+00:00,224.0,26.63,11.2,work,0.3563,9.49,DRV_cfc44b00-613b,false
8da8eee40df54ac6b96b648a0ba6eab9,459865,2024-08-07T06:24:00+00:00,2024-08-07T10:04:00+00:00,220.0,14.234,5.4,home,0.3736,5.32,DRV_f7271269-ebd3,false
92f5df7b032343429f6a8f931a432f0a,462471,2024-01-07T13:53:00+00:00,2024-01-07T14:29:00+00:00,36.0,10.109,22.2,public,0.7028,7.1,DRV_d298dbba-e9cb,false
0d270659f72a4a9baf32751e5738811d,463062,2024-02-19T13:51:00+00:00,2024-02-19T18:45:00+00:00,294.0,89.673,20.2,work,0.2996,26.86,DRV_260821a5-b8f5,false
2631d00b26d744d38db95301afbb411a,175715,2025-04-24T07:06:00+00:00,2025-04-24T07:33:00+00:00,27.0,15.577,40.0,public,0.7346,11.44,DRV_0ba05b4b-ac7e,false
9b37a22b6a8a416f83b290d08edddfcd,162239,2025-02-23T19:18:00+00:00,2025-02-23T21:23:00+00:00,125.0,11.49,8.5,home,0.3831,4.4,DRV_018d9631-ec11,false
7354ea6f6160445985c7504bc693da11,463062,2024-09-18T15:04:00+00:00,2024-09-18T17:43:00+00:00,159.0,44.641,19.4,work,0.3239,14.46,DRV_3bb5eb4c-c201,false
4e2d66456dc74ac7bd72b05096a9954f,175658,2024-01-05T09:17:00+00:00,2024-01-05T15:14:00+00:00,357.0,60.63,16.0,work,0.3064,18.57,DRV_1d157608-00a9,false
f295456e19674f06bd767e35f5c9b047,301728,2025-04-12T16:17:00+00:00,2025-04-12T16:36:00+00:00,19.0,88.848,350.0,public,0.7416,65.89,DRV_1ad84019-af7b,false
2834e4c014c843b4a911d19243bfd931,176106,2025-10-01T11:03:00+00:00,2025-10-01T15:38:00+00:00,275.0,45.615,17.7,work,0.3631,16.56,DRV_c74df841-c865,false
735435ea68944b8d80af5b3a2812859a,175599,2024-03-01T07:53:00+00:00,2024-03-01T11:54:00+00:00,241.0,60.427,21.9,work,0.2987,18.05,DRV_bfa2d81d-87a6,false
b4fb0eb949c14de7bb4206c5085b15fb,506364,2025-08-10T10:50:00+00:00,2025-08-10T16:05:00+00:00,315.0,22.239,5.8,home,0.413,9.18,DRV_b1dfca49-e3d0,false
ec856f373bc14987aff8754d1238d630,506364,2025-05-28T18:55:00+00:00,2025-05-29T00:22:00+00:00,327.0,35.978,8.3,home,0.3794,13.65,DRV_8b2033a2-2e5d,false
ef04e57dcdcc433aa9434aa096fc734d,176228,2025-02-11T15:44:00+00:00,2025-02-11T18:17:00+00:00,153.0,39.858,18.0,work,0.321,12.79,DRV_60ad21dd-d3ca,false
e88da71926244b40a5cb63a2398d1ca6,472800,2024-02-13T16:45:00+00:00,2024-02-14T00:48:00+00:00,483.0,47.283,6.6,home,0.3498,16.54,DRV_6648623d-6d8d,false
4ebfa5c3cae944a7aa79ea680f44704f,176321,2025-11-26T05:47:00+00:00,2025-11-26T09:03:00+00:00,196.0,19.469,7.0,home,0.4157,8.09,DRV_cd19a3e2-7b2d,false
1fd5a423706c4c5689e2623debd34616,478923,2025-02-09T08:40:00+00:00,2025-02-09T09:36:00+00:00,56.0,209.567,400.0,public,0.7781,163.07,DRV_7c3fba01-f9c7,false
801ef1da45b14d25b1533ae8670acc5c,194460,2024-12-22T16:10:00+00:00,2024-12-22T17:05:00+00:00,55.0,256.77,350.0,public,0.7089,182.02,DRV_33296e91-4893,false
6e996e3ee3b147fc8a3450fc9918ee46,157587,2025-10-25T14:10:00+00:00,2025-10-25T21:10:00+00:00,420.0,44.548,8.9,home,0.4171,18.58,DRV_d2b3596e-eb7f,false
f63fce413a9a4a5e976132ed069f14f1,175600,2025-10-16T14:30:00+00:00,2025-10-16T19:52:00+00:00,322.0,52.074,14.5,work,0.3631,18.91,DRV_ac689835-0986,false
ffe3fa49054f42ffb366bad4964db03f,162238,2025-08-04T06:41:00+00:00,2025-08-04T13:04:00+00:00,383.0,29.126,7.1,home,0.4251,12.38,DRV_339b1933-d85d,false
c19ad58cc35b4c8c8a4c9f7f9384ec2b,175597,2025-10-08T15:01:00+00:00,2025-10-08T21:42:00+00:00,401.0,74.637,14.9,work,0.3736,27.89,DRV_16633cb1-d1ee,false
2e76128b473544f9aa83bf007135f221,472800,2024-04-26T13:32:00+00:00,2024-04-26T18:34:00+00:00,302.0,13.683,4.2,home,0.3525,4.82,DRV_0e41cb6c-f19b,false
175ba98df8144102bde1bdfed0725b5c,460080,2025-08-28T08:53:00+00:00,2025-08-28T16:23:00+00:00,450.0,112.673,18.7,work,0.3621,40.8,DRV_0e330d21-dbca,false
db9465701ac74ec0ab8ddeb45230dfbd,194460,2024-11-03T14:07:00+00:00,2024-11-03T14:45:00+00:00,38.0,194.641,350.0,public,0.6993,136.12,DRV_a062ed3e-c3e5,false
f1f8343ea99f431889c8a43f7ed70ed7,507616,2025-10-28T17:18:00+00:00,2025-10-28T18:11:00+00:00,53.0,16.17,22.2,public,0.7145,11.55,DRV_1ad84019-af7b,false
50843242168b4625b46f78910964fbbf,472800,2024-12-04T22:59:00+00:00,2024-12-05T08:32:00+00:00,573.0,66.565,9.9,home,0.3769,25.09,DRV_ec3b891b-a2ae,false
83bc9478dd6a47b8a778043bc5c5b37a,256008,2024-02-18T21:19:00+00:00,2024-02-18T21:50:00+00:00,31.0,159.682,350.0,public,0.6334,101.14,DRV_872584ee-ff12,false
5c9d927d84b841bbb00568d20de051a6,160899,2025-01-01T17:01:00+00:00,2025-01-02T02:29:00+00:00,568.0,32.801,4.7,home,0.3943,12.93,DRV_0d279b1f-783e,false
341c64940d364dfc828ebd7071299889,162239,2025-08-25T19:41:00+00:00,2025-08-26T01:57:00+00:00,376.0,27.379,7.7,home,0.413,11.31,DRV_18cef4e4-83e1,false
b2c08394e17f49e1b028604649bc473f,161358,2025-02-25T13:58:00+00:00,2025-02-25T21:57:00+00:00,479.0,78.271,18.4,work,0.3318,25.97,DRV_534338fb-6882,false
3d42993ccc9f43349bdf0377a14923c2,176321,2025-08-30T18:13:00+00:00,2025-08-30T20:02:00+00:00,109.0,8.69,9.6,home,0.4098,3.56,DRV_3b984464-5cb1,false
17dc8eff687243f98d60593603802b70,504569,2024-02-02T09:12:00+00:00,2024-02-02T10:02:00+00:00,50.0,65.343,150.0,public,0.6834,44.66,DRV_18dec47e-0186,false
82456fb44ab7406eb77350caeec259dc,175717,2024-06-19T16:25:00+00:00,2024-06-19T17:40:00+00:00,75.0,42.103,40.0,public,0.696,29.3,DRV_0ffa9665-7f91,false
3e65260378e3454bbaf14ff07b85179a,502190,2025-04-08T23:32:00+00:00,2025-04-09T08:50:00+00:00,558.0,27.434,5.6,home,0.3997,10.97,DRV_da68f316-1046,false
821c133699704f60abff8d1530cbd755,301728,2024-12-14T09:48:00+00:00,2024-12-14T10:16:00+00:00,28.0,136.52,350.0,public,0.7069,96.5,DRV_9153c0f8-24a3,false
ca3dd859c5ce499c86b8265911df12d7,474506,2025-06-30T11:59:00+00:00,2025-06-30T16:32:00+00:00,273.0,29.815,10.7,home,0.4076,12.15,DRV_5de6fec4-3eea,false
d20f87d044654d6b81fb18b3c9a7d91f,175656,2025-12-15T08:48:00+00:00,2025-12-15T10:49:00+00:00,121.0,41.617,22.0,work,0.3682,15.32,DRV_d22ac632-685f,false
260a5962dd8147f5bd5911c6a8f1e091,176321,2025-06-15T16:17:00+00:00,2025-06-16T00:49:00+00:00,512.0,33.13,6.0,home,0.4133,13.69,DRV_0ffa9665-7f91,false
8b1e3b9dc34b4fbb8d4a75b8551ac8ea,175396,2025-01-04T14:47:00+00:00,2025-01-04T15:36:00+00:00,49.0,17.305,40.0,public,0.7056,12.21,DRV_6d8ea823-0062,false
b28f41defb144bc3b04b8590de9e3757,160959,2025-03-25T14:37:00+00:00,2025-03-25T22:04:00+00:00,447.0,35.247,8.4,home,0.3696,13.03,DRV_3cad45b1-6c08,false
0b2c782a69284e92868a152fdb23aa8c,171420,2025-11-21T17:29:00+00:00,2025-11-21T19:28:00+00:00,119.0,10.858,9.7,home,0.413,4.48,DRV_c41c60f4-7cc1,false
62d60e9361984d548fb87e6fe9d68f23,274124,2025-06-25T21:38:00+00:00,2025-06-26T06:01:00+00:00,503.0,20.466,4.3,home,0.3983,8.15,DRV_07f366fa-6f0b,false
8096271820514cef897a1e10f6febc0e,507621,2025-09-22T10:26:00+00:00,2025-09-22T11:08:00+00:00,42.0,12.04,22.2,public,0.7852,9.45,DRV_097bdd58-3aa0,false
70b7e868d85440f09fcaf0b719b17e80,478922,2024-10-14T17:37:00+00:00,2024-10-14T18:17:00+00:00,40.0,139.798,400.0,public,0.7708,107.76,DRV_19e3f2bf-375e,false
da0d4a5f148f4b74a65bb1f265c17795,161551,2025-08-16T17:44:00+00:00,2025-08-16T18:29:00+00:00,45.0,54.102,100.0,public,0.6965,37.68,DRV_ab7bca4c-214f,false
5110b492f4424e0ba1484bb3889b78d5,504572,2024-05-11T15:00:00+00:00,2024-05-11T15:49:00+00:00,49.0,129.422,200.0,public,0.6257,80.98,DRV_5c8118ab-1f0b,false
0930aef68a80468d9f547e507cea2045,306398,2025-08-20T12:36:00+00:00,2025-08-20T13:07:00+00:00,31.0,67.439,180.0,public,0.8866,59.79,DRV_0ffa9665-7f91,false
ff574e2b49914b9babc2026faf34cf65,169761,2025-11-05T16:09:00+00:00,2025-11-05T20:40:00+00:00,271.0,67.509,19.0,work,0.3596,24.27,DRV_b7a7c340-286d,false
a23d4c2fc2a746899933918cfa745761,157587,2025-11-15T14:20:00+00:00,2025-11-15T18:14:00+00:00,234.0,17.158,7.9,home,0.4141,7.11,DRV_5c8118ab-1f0b,false
e746ccb94ca94f07b1aa0f6a2a96e1e2,194179,2024-04-19T08:26:00+00:00,2024-04-19T08:26:00+00:00,0.0,0.0,133.0,public,0.6899,0.0,DRV_444c690c-81df,false
5ff595ea5bc440f18b1a269b0e5dd462,175658,2025-10-08T08:58:00+00:00,2025-10-08T13:07:00+00:00,249.0,60.82,19.3,work,0.3467,21.09,DRV_144430ea-d2e8,false
cae28e66ae8a481390e0a95b697c3923,502190,2024-04-12T22:19:00+00:00,2024-04-13T07:03:00+00:00,524.0,32.981,7.6,home,0.3583,11.82,DRV_4b405da2-a7c6,false
9ea556aa61ee4c5b9eef580f9c07a751,474506,2025-02-11T03:49:00+00:00,2025-02-11T11:43:00+00:00,474.0,65.738,10.0,home,0.3841,25.25,DRV_3156e7e7-fc4c,false
760debbb3b7043a1a4a35cf29549c931,507922,2025-07-01T14:20:00+00:00,2025-07-01T14:50:00+00:00,30.0,8.39,22.2,public,0.7882,6.61,DRV_66a7d51e-f2ae,false
cdfc6ee0e61e4e908267deb3aab612c9,469428,2025-02-15T20:13:00+00:00,2025-02-16T01:47:00+00:00,334.0,13.23,4.5,home,0.393,5.2,DRV_19e3f2bf-375e,false
711533f312e84d10a87117338beddb12,194465,2024-11-13T15:26:00+00:00,2024-11-13T16:23:00+00:00,57.0,284.363,350.0,public,0.7013,199.44,DRV_cd19a3e2-7b2d,false
627b41a1ffd64232b2ffe2944d57d880,506364,2025-07-03T19:05:00+00:00,2025-07-03T20:30:00+00:00,85.0,9.393,7.2,home,0.4088,3.84,DRV_db05fc9e-07f0,false
4b943e30b3034438be2110d04bbe4aff,307648,2025-06-16T13:49:00+00:00,2025-06-16T23:03:00+00:00,554.0,29.916,4.1,home,0.3996,11.95,DRV_413dfbd4-5b9a,false
bea29dfec73f4e1baf908e3cdd750e98,301730,2025-04-21T16:29:00+00:00,2025-04-21T16:58:00+00:00,29.0,142.611,350.0,public,0.7254,103.45,DRV_0cac4f81-b42c,false
cc8218dac69645e68944051be726be23,307835,2025-03-16T00:41:00+00:00,2025-03-16T09:55:00+00:00,554.0,74.491,9.5,home,0.4128,30.75,DRV_9153c0f8-24a3,false
9ef2b93e30ac4d7ba2f963a33810ae66,474506,2025-07-19T08:47:00+00:00,2025-07-19T18:35:00+00:00,588.0,93.126,10.3,home,0.3871,36.05,DRV_8adb05d4-ec01,false
d69d42f1ae4c44ffa8c01f05c478f6f1,169761,2024-12-25T08:24:00+00:00,2024-12-25T11:00:00+00:00,156.0,23.999,15.7,work,0.3181,7.63,DRV_28971090-112c,false
945ef2e4088a43ecb0d9c9f8c9e26074,195016,2024-03-03T13:27:00+00:00,2024-03-03T14:13:00+00:00,46.0,188.116,350.0,public,0.6727,126.55,DRV_5c8118ab-1f0b,false
bf5ae7e653a34d5a8b8c5bdce8dd5e5a,502190,2025-03-22T03:15:00+00:00,2025-03-22T12:32:00+00:00,557.0,22.367,3.7,home,0.3911,8.75,DRV_5fd902c9-a2f2,false
f8b38a8be05f48bc8a16a06cc958e75e,502190,2025-08-01T18:42:00+00:00,2025-08-01T23:58:00+00:00,316.0,22.749,5.3,home,0.4055,9.22,DRV_5c8118ab-1f0b,false
41c8ca8c2a1f455a9499da9945c45a3e,157636,2024-10-12T10:49:00+00:00,2024-10-12T11:34:00+00:00,45.0,55.493,100.0,public,0.6748,37.45,DRV_e63471c4-1ab1,false
1d7bc313cde24f1c96b60afcded255d0,504571,2024-05-12T13:34:00+00:00,2024-05-12T14:01:00+00:00,27.0,62.036,200.0,public,0.7369,45.71,DRV_1fdb2dfa-e4af,false
dc322c9739c14262b76c8edec1101266,500472,2025-11-20T08:02:00+00:00,2025-11-20T15:23:00+00:00,441.0,83.079,13.7,work,0.3587,29.8,DRV_1a6b2a8b-73ef,false
cdf974a7d88245c1b79efd7065bcc272,307648,2025-10-26T17:42:00+00:00,2025-10-27T02:22:00+00:00,520.0,64.728,8.6,home,0.424,27.45,DRV_0ffa9665-7f91,false
895ccd9943b34eb483902c5d6502d6a2,167250,2025-05-17T21:40:00+00:00,2025-05-18T03:50:00+00:00,370.0,25.414,7.3,home,0.3998,10.16,DRV_0346a9e8-52db,false
95a5bafa431d429fac1e86d8bfbf397b,474506,2025-09-13T11:20:00+00:00,2025-09-13T18:54:00+00:00,454.0,35.698,6.7,home,0.4032,14.39,DRV_cfc44b00-613b,false
3bdbc09eacc246a09bbc91f75f18e583,162239,2025-12-17T20:24:00+00:00,2025-12-17T22:19:00+00:00,115.0,5.666,5.7,home,0.4172,2.36,DRV_e893b488-b766,false
ea4e361753f8482b8fb864e4f1738856,175655,2025-04-11T10:29:00+00:00,2025-04-11T17:59:00+00:00,450.0,118.873,21.6,work,0.3379,40.17,DRV_8ea681df-1fb1,false
e8cda0cc76da4ca092e82f38a2a9d4d8,474506,2024-08-27T07:47:00+00:00,2024-08-27T15:09:00+00:00,442.0,35.175,5.6,home,0.3765,13.24,DRV_1f59180e-4433,false
f23e323d0b9b4934a3c86d301dde7969,188335,2025-05-30T09:40:00+00:00,2025-05-30T14:49:00+00:00,309.0,44.548,11.8,work,0.35,15.59,DRV_d5c24a76-d0a5,false
7421ff46637e4b01a2bae10e899ca782,185538,2025-11-21T09:31:00+00:00,2025-11-21T17:10:00+00:00,459.0,64.247,12.8,work,0.3531,22.68,DRV_ec3b891b-a2ae,false
278ed00dba0246efbe055787965befdf,175655,2025-07-08T15:48:00+00:00,2025-07-08T21:23:00+00:00,335.0,93.797,19.1,work,0.3518,33.0,DRV_bfb5c3a8-02fc,false
687a48509d9b4231bd45d8efd56ce8ea,176321,2024-01-24T05:51:00+00:00,2024-01-24T08:07:00+00:00,136.0,12.802,6.9,home,0.3659,4.68,DRV_23bea131-ef03,false
71818dcf379e4c6e9edb0d3cb0b63bcf,194334,2025-11-23T21:03:00+00:00,2025-11-23T21:20:00+00:00,17.0,12.598,50.0,public,0.8466,10.66,DRV_47f4cb5e-ed7f,false
af88bdecfb1e443b996f4dfa5cd8fe1a,194332,2025-08-23T16:04:00+00:00,2025-08-23T16:47:00+00:00,43.0,28.907,50.0,public,0.7527,21.76,DRV_872584ee-ff12,false
65ec7acd0f8045f59bd20c98a5135ea0,161310,2024-12-24T13:28:00+00:00,2024-12-24T13:51:00+00:00,23.0,10.368,50.0,public,0.593,6.15,DRV_329b1b47-a616,false
0577aea9f899424698de8ebba3b5cece,460947,2025-12-26T23:46:00+00:00,2025-12-27T03:06:00+00:00,200.0,8.878,3.8,home,0.4154,3.69,DRV_dd82c4f8-51a7,false
90882eafc9774598a03c8c25fd235def,499097,2025-07-31T06:06:00+00:00,2025-07-31T09:37:00+00:00,211.0,10.308,4.3,home,0.3976,4.1,DRV_0ffa9665-7f91,false
541c7a863ba54d2f9ea45c19d0243d72,195015,2025-10-05T17:51:00+00:00,2025-10-05T18:42:00+00:00,51.0,261.997,350.0,public,0.7827,205.06,DRV_ab5bc8e4-3bad,false
dbc080fd46fb4bf380b9d4a3989240ac,162239,2025-12-06T09:08:00+00:00,2025-12-06T12:28:00+00:00,200.0,12.631,4.8,home,0.4399,5.56,DRV_0ffa9665-7f91,false
06998731ddcf4766a93b12cd1c24220e,274124,2024-02-05T18:41:00+00:00,2024-02-05T20:32:00+00:00,111.0,10.774,9.6,home,0.3556,3.83,DRV_f1004d7e-37f4,false
52e2afd996bf40abbce915e7c9d6a63b,169761,2025-09-05T08:48:00+00:00,2025-09-05T14:39:00+00:00,351.0,55.038,11.6,work,0.3452,19.0,DRV_7a47c9d5-2d8f,false
79eb4168104546e5bee3eb791d181ee9,161416,2024-12-13T15:02:00+00:00,2024-12-13T18:16:00+00:00,194.0,30.993,15.1,work,0.3212,9.96,DRV_408557fb-a734,false
80fb929673b6409b9beaf6ac97fa7f04,301730,2025-10-30T12:50:00+00:00,2025-10-30T13:37:00+00:00,47.0,176.648,350.0,public,0.7652,135.17,DRV_1e5ac7d9-66bf,false
ddf275ebe8a3434188819065ba2c98ce,274124,2025-11-04T19:50:00+00:00,2025-11-05T00:59:00+00:00,309.0,45.235,9.8,home,0.407,18.41,DRV_18cef4e4-83e1,false
0f9240e107f94d05b6ca6b8ba4b1f991,301731,2025-10-07T19:08:00+00:00,2025-10-07T19:42:00+00:00,34.0,106.703,350.0,public,0.7935,84.67,DRV_28df56fb-2261,false
12d0498d718d4d05a8e22743b65feea9,307648,2025-09-08T00:12:00+00:00,2025-09-08T08:13:00+00:00,481.0,23.009,5.2,home,0.4099,9.43,DRV_097bdd58-3aa0,false
466772ce204e478c90d08d1125f934bf,161416,2025-09-17T17:51:00+00:00,2025-09-18T01:43:00+00:00,472.0,114.223,21.9,work,0.3604,41.16,DRV_b7c12423-ac22,false
fe9fecaa61824347933f5a72b64fa54a,189690,2024-10-10T12:57:00+00:00,2024-10-10T16:13:00+00:00,196.0,47.804,21.8,work,0.3263,15.6,DRV_59e2d43a-6391,false
1963c26d6e214b099afd4015816bcb9f,469428,2024-12-28T20:29:00+00:00,2024-12-29T04:11:00+00:00,462.0,34.082,5.4,home,0.3865,13.17,DRV_857e4e49-d676,false
c4dabddbe0b14abaa6a27967a79b44b6,459865,2024-04-17T17:07:00+00:00,2024-04-17T20:14:00+00:00,187.0,8.759,3.8,home,0.364,3.19,DRV_19e3f2bf-375e,false
3a7e8e14e3594ee1b3991a476e191042,176321,2025-10-08T21:16:00+00:00,2025-10-09T01:37:00+00:00,261.0,16.658,5.5,home,0.4197,6.99,DRV_c41c60f4-7cc1,false
18578bafbac742b9aa7e4c3666132e69,460199,2025-06-06T18:20:00+00:00,2025-06-06T19:15:00+00:00,55.0,41.618,60.0,public,0.6955,28.95,DRV_da475f33-2a5a,false
2713582cf41e43ac9fd231094140752c,176228,2025-05-13T10:37:00+00:00,2025-05-13T18:06:00+00:00,449.0,75.533,19.7,work,0.3385,25.56,DRV_88ebb516-d563,false
17dded8115da405c94ef00aa175a81ec,301728,2024-08-30T16:43:00+00:00,2024-08-30T17:03:00+00:00,20.0,87.243,350.0,public,0.727,63.42,DRV_60dcffa8-3d5f,false
8e6e5003214f4f128fd01cbd5f65c8ce,194466,2025-05-14T22:36:00+00:00,2025-05-14T22:36:00+00:00,0.0,0.0,350.0,public,0.7138,0.0,DRV_d91e7482-291a,false
aa53c19cdfa44b9f9a856750692ac139,307729,2025-01-27T15:53:00+00:00,2025-01-27T23:27:00+00:00,454.0,120.769,19.4,work,0.3344,40.39,DRV_23563921-ce73,false
f7e8f8e50d2b41efb8976ec5ea74bb18,157645,2025-12-28T20:00:00+00:00,2025-12-28T20:20:00+00:00,20.0,16.099,100.0,public,0.8727,14.05,DRV_424e0e06-1423,false
36760ce581e549f693f277cc1a85910d,506364,2025-10-26T20:23:00+00:00,2025-10-27T03:00:00+00:00,397.0,31.063,7.9,home,0.4118,12.79,DRV_987d7509-8e21,false
d86a646059a1420e9bb43332d8e7012f,157550,2025-03-14T12:17:00+00:00,2025-03-14T18:36:00+00:00,379.0,0.0,7.7,home,0.3835,0.0,DRV_faf430ad-52ec,false
cea60f4c39e54ff092f837d447503f1d,507613,2025-09-26T18:45:00+00:00,2025-09-26T19:43:00+00:00,58.0,18.871,22.2,public,0.7737,14.6,DRV_855fcb25-de4d,false
9d1323639f294a8b91846c39c4767556,504567,2024-06-06T16:40:00+00:00,2024-06-06T17:13:00+00:00,33.0,144.438,400.0,public,0.6623,95.67,DRV_3f917d1e-44ca,false
d4578ad9a8674096add877c89be71737,499097,2024-04-03T00:53:00+00:00,2024-04-03T02:34:00+00:00,101.0,16.287,10.5,home,0.3635,5.92,DRV_527f04ab-8f85,false
4f199ec0c32d4526b3e4110a45f50c52,210127,2025-05-26T09:18:00+00:00,2025-05-26T15:41:00+00:00,383.0,102.11,20.3,work,0.3451,35.24,DRV_a31ebfa0-52e4,false
90fa6b5724ac41309eaf528d2e709838,175655,2025-08-04T09:51:00+00:00,2025-08-04T12:51:00+00:00,180.0,48.324,19.9,work,0.357,17.25,DRV_f3c459be-7f2f,false
07d924cef8c84faea2178f84bdb025ff,504501,2024-02-18T17:32:00+00:00,2024-02-18T18:07:00+00:00,35.0,202.289,400.0,public,0.6736,136.27,DRV_ac4ee2cc-0e37,false
5744f59674224167ab7a2460604e46cb,175658,2024-07-12T15:09:00+00:00,2024-07-12T21:29:00+00:00,380.0,44.217,12.3,work,0.3062,13.54,DRV_5fbefcce-7439,false
914dcfaef10043a786deb2f0530ac1c7,157587,2025-03-22T21:49:00+00:00,2025-03-23T00:08:00+00:00,139.0,11.816,9.7,home,0.3865,4.57,DRV_741c807a-28aa,false
9e2aa4acc12245b3a84c03d227d415b6,157550,2024-02-26T01:14:00+00:00,2024-02-26T07:17:00+00:00,363.0,29.396,6.9,home,0.3653,10.74,DRV_1ddd5832-d8e0,false
45ee432d6a074213b129cec79b69554d,157550,2025-01-08T01:45:00+00:00,2025-01-08T03:03:00+00:00,78.0,5.405,8.1,home,0.3845,2.08,DRV_1a6b2a8b-73ef,false
4882d73c1c6345abae0ed1e8585d3f86,169762,2025-02-13T09:32:00+00:00,2025-02-13T15:47:00+00:00,375.0,50.069,11.6,work,0.3272,16.38,DRV_896edba4-d626,false
0ba078e84ef442c1aac9331686e52753,157636,2025-11-25T16:30:00+00:00,2025-11-25T17:03:00+00:00,33.0,31.669,100.0,public,0.8273,26.2,DRV_1ad84019-af7b,false
bf3c51407f54451181fa964e1eb74b56,176106,2024-10-24T15:32:00+00:00,2024-10-24T20:39:00+00:00,307.0,86.64,18.9,work,0.3283,28.45,DRV_fff37777-95af,false
8011316b3ae84926b423ccde88575117,160899,2024-06-09T21:58:00+00:00,2024-06-10T07:25:00+00:00,567.0,28.388,4.3,home,0.3639,10.33,DRV_46946d26-a3b8,false
dc9c96de65a644c292738a235aaab32f,171420,2024-01-07T05:35:00+00:00,2024-01-07T08:37:00+00:00,182.0,25.729,10.8,home,0.3527,9.07,DRV_7ecb1685-ae41,false
dcb33df313ee4dc6abd14d2c75b27455,157640,2024-04-24T17:02:00+00:00,2024-04-24T17:31:00+00:00,29.0,17.498,50.0,public,0.7103,12.43,DRV_d19ece5e-8ed9,false
6aedfdc7a3e04309b5a1b94967884209,301732,2025-08-21T15:57:00+00:00,2025-08-21T16:52:00+00:00,55.0,271.33,350.0,public,0.7264,197.09,DRV_2bac85de-a29c,false
cd2372c22bff417b932401fcf758dce2,463059,2025-01-21T22:16:00+00:00,2025-01-22T02:43:00+00:00,267.0,38.667,10.1,home,0.3824,14.79,DRV_0ffa9665-7f91,false
168fae125ca240c9ab7607c9b08a4895,459865,2024-07-11T20:28:00+00:00,2024-07-12T04:17:00+00:00,469.0,42.057,6.7,home,0.3786,15.92,DRV_4d52e928-7903,false
862268d16683410796c044d06f887f28,480696,2025-12-02T13:49:00+00:00,2025-12-02T17:34:00+00:00,225.0,47.788,20.6,work,0.3593,17.17,DRV_640bdbb5-7420,false
82af085c138d494cab0abeddc77444cb,160959,2025-09-13T20:05:00+00:00,2025-09-14T00:27:00+00:00,262.0,24.487,9.1,home,0.4161,10.19,DRV_158e57b0-aa32,false
5970a859c6b644ada7ea8d5a31a3ac4d,478922,2024-04-17T12:13:00+00:00,2024-04-17T13:01:00+00:00,48.0,196.829,400.0,public,0.695,136.79,DRV_d1d0d142-596a,false
328067a14187422ba57d5e521a5165ca,472800,2024-09-18T20:52:00+00:00,2024-09-19T00:45:00+00:00,233.0,23.962,9.9,home,0.3769,9.03,DRV_29ae7d55-d1fc,false
2d5972c6134a4a2fa7cf705cc257cf73,499097,2025-10-19T20:07:00+00:00,2025-10-19T21:15:00+00:00,68.0,8.947,9.6,home,0.41,3.67,DRV_6a6b8738-69e0,false
ec955f87ae5e4365b2eb74749458054e,507609,2025-07-09T18:31:00+00:00,2025-07-09T19:52:00+00:00,81.0,21.274,22.2,public,0.7428,15.8,DRV_3b4c86e8-c090,false
dd3f487e52bd46619fe0a8c7fc8d5b93,474506,2025-12-07T07:11:00+00:00,2025-12-07T08:28:00+00:00,77.0,4.583,4.6,home,0.4365,2.0,DRV_2717fc65-1695,false
71348c2a780b4657917b355b70944bdb,157587,2024-03-10T21:21:00+00:00,2024-03-10T23:53:00+00:00,152.0,11.315,8.0,home,0.3649,4.13,DRV_1f59180e-4433,false
81e0d4895a1842a38e614bcd97674900,307648,2025-09-06T04:47:00+00:00,2025-09-06T06:01:00+00:00,74.0,10.233,9.8,home,0.42,4.3,DRV_a3d85c62-4a8c,false
d4ea120a5e6546548e9058b609a0a0f6,157587,2024-03-10T20:57:00+00:00,2024-03-11T06:22:00+00:00,565.0,58.122,7.0,home,0.3468,20.16,DRV_0ffa9665-7f91,false
9d713084171d4bf99af481a7fa34d2e8,176321,2024-11-10T22:34:00+00:00,2024-11-11T07:31:00+00:00,537.0,52.684,7.9,home,0.3722,19.61,DRV_8e26fd78-e1f3,false
cab4923bf44843858de7ad6c949077c2,307835,2025-08-21T00:21:00+00:00,2025-08-21T09:57:00+00:00,576.0,73.867,8.7,home,0.4113,30.38,DRV_4e873077-ec75,false
79c2d2e49ae14991924f93ff30307633,463059,2025-07-23T19:04:00+00:00,2025-07-24T04:23:00+00:00,559.0,42.5,5.6,home,0.4195,17.83,DRV_9de8c388-9613,false
e62d2d06cf9b45589a7f195b73557b9d,460947,2024-01-03T19:24:00+00:00,2024-01-04T04:27:00+00:00,543.0,48.548,10.0,home,0.3506,17.02,DRV_b67796ee-2076,false
7010ed13b526422dbf6c21f70a0537f0,175656,2024-07-13T15:48:00+00:00,2024-07-13T20:03:00+00:00,255.0,67.187,17.6,work,0.3031,20.37,DRV_5d73bd23-2aba,false
68a51c68632d4b5e886bb6bfeafde7d9,312711,2025-09-09T08:45:00+00:00,2025-09-09T15:28:00+00:00,403.0,67.176,17.1,work,0.3545,23.81,DRV_cfc44b00-613b,false
a5b5cdc2a181485e8a0ac6ac0d67d38e,460947,2024-04-28T22:21:00+00:00,2024-04-29T04:54:00+00:00,393.0,28.739,7.2,home,0.3717,10.68,DRV_a03aa09e-4160,false
48bddb3e62f54f2badaa44ca8ed6ad5e,463059,2024-11-03T23:10:00+00:00,2024-11-04T06:40:00+00:00,450.0,61.366,8.7,home,0.376,23.07,DRV_7b37666a-6e7b,false
98549f22210249c9a4575bc4a981b098,175659,2024-06-25T14:32:00+00:00,2024-06-25T19:26:00+00:00,294.0,49.257,19.0,work,0.3082,15.18,DRV_0ffa9665-7f91,false
caaa5bbea4bb4962a06e0e1c8f158449,504501,2024-04-14T13:49:00+00:00,2024-04-14T14:37:00+00:00,48.0,244.052,400.0,public,0.6891,168.18,DRV_3cad45b1-6c08,false
bd20563bf27545f39436a7a8b3ecb951,469607,2025-10-11T16:33:00+00:00,2025-10-11T17:53:00+00:00,80.0,25.486,22.2,public,0.7494,19.1,DRV_c1266069-3333,false
36d55494f37f450dae25b5ee4f11d8dc,474506,2024-02-25T01:32:00+00:00,2024-02-25T05:32:00+00:00,240.0,30.882,8.3,home,0.3552,10.97,DRV_d4b006d4-5781,false
23377bbcfffe47c8b9feb99c31274148,474506,2025-03-21T20:42:00+00:00,2025-03-21T22:12:00+00:00,90.0,12.76,10.5,home,0.3841,4.9,DRV_2a780143-47c3,false
c5580bb281f743fb99e45c6ac9c23e69,193148,2025-07-09T01:07:00+00:00,2025-07-09T05:21:00+00:00,254.0,16.136,4.6,home,0.3978,6.42,DRV_70fbeb0b-f8d0,false
56363094a97441db89a9d1c186cac6f4,167250,2024-02-22T12:37:00+00:00,2024-02-22T20:00:00+00:00,443.0,33.898,6.5,home,0.3566,12.09,DRV_d0239a2e-5b85,false
29890880277d4be9a070b6a198e52499,169761,2025-05-27T08:04:00+00:00,2025-05-27T11:37:00+00:00,213.0,56.921,18.7,work,0.3547,20.19,DRV_7c4d19d0-db69,false
2a60c652e71446688f1d7d3a9feefdff,506364,2024-11-08T20:09:00+00:00,2024-11-09T02:22:00+00:00,373.0,31.201,8.3,home,0.3664,11.43,DRV_0ffa9665-7f91,false
3ccec76cb8364448ad261ec55d42b9e9,459865,2025-10-10T19:03:00+00:00,2025-10-11T01:05:00+00:00,362.0,28.085,7.5,home,0.4178,11.73,DRV_2ac7c349-ae35,false
4f3949a83d3a458288b4f4743be79df4,463059,2025-09-20T20:36:00+00:00,2025-09-21T05:01:00+00:00,505.0,29.365,5.8,home,0.4292,12.6,DRV_b3f4d665-1ad7,false
fc043f0892074158b2771f63ada58417,176017,2025-09-17T08:57:00+00:00,2025-09-17T16:15:00+00:00,438.0,85.168,15.6,work,0.3593,30.6,DRV_51f07d80-833c,false
87079ad480be4e35a1c2645ac7332304,176321,2024-12-22T14:08:00+00:00,2024-12-22T17:35:00+00:00,207.0,16.801,9.9,home,0.3807,6.4,DRV_840e9c22-be5a,false
236e16089acb494a8d1f5318331f63fb,161551,2025-10-04T13:28:00+00:00,2025-10-04T14:13:00+00:00,45.0,45.475,100.0,public,0.7584,34.49,DRV_f69a42c1-c420,false
d88c656db61e4fdb9a435206ef2ddcc4,169763,2025-05-25T19:53:00+00:00,2025-05-25T22:26:00+00:00,153.0,8.229,4.8,home,0.3994,3.29,DRV_62cd4fcf-987a,false
45d5a68d290a4abb835b9fea1578d709,303136,2024-12-09T09:51:00+00:00,2024-12-09T10:40:00+00:00,49.0,134.781,250.0,public,0.7126,96.05,DRV_aea1f3c4-aa21,false
f24823ab177a4a5faffe33b3d4bf7a4b,167250,2024-03-14T19:25:00+00:00,2024-03-15T02:43:00+00:00,438.0,30.872,8.4,home,0.3555,10.97,DRV_1b1498f7-bfff,false
fe9936a362db4850bc5bf3a75fbbf0b1,301728,2024-03-02T13:44:00+00:00,2024-03-02T14:31:00+00:00,47.0,168.024,350.0,public,0.6478,108.84,DRV_a461b88b-9c30,false
d6d441cc195d42f8ae4a9b5d519554e3,307435,2024-09-03T19:02:00+00:00,2024-09-03T19:27:00+00:00,25.0,55.599,250.0,public,0.6436,35.79,DRV_73d7ef6e-5db0,false
4970ed9a09ce4cfba339ba1925637cc3,301733,2024-10-13T13:45:00+00:00,2024-10-13T14:36:00+00:00,51.0,178.634,350.0,public,0.7321,130.78,DRV_5bd067d3-f921,false
b49e04ccc24349e7a387eaf6d4c3a832,303136,2025-11-28T09:43:00+00:00,2025-11-28T10:05:00+00:00,22.0,65.423,250.0,public,0.8691,56.86,DRV_097bdd58-3aa0,false
41843b0304dd4054944823f7e7e646c7,507620,2025-12-31T09:34:00+00:00,2025-12-31T10:58:00+00:00,84.0,20.597,22.2,public,0.7778,16.02,DRV_0b6b63a3-b73e,false
871c08849bdf40f2ba2c0f19f0b2a5d1,480696,2024-05-15T09:06:00+00:00,2024-05-15T15:05:00+00:00,359.0,82.312,16.6,work,0.3072,25.29,DRV_5657e743-399c,false
0c394ec71f3144058d183eba3cd5fd7f,209985,2025-12-06T11:17:00+00:00,2025-12-06T11:51:00+00:00,34.0,18.411,50.0,public,0.7454,13.72,DRV_970d7631-a426,false
1c612ec210144131b50565f59f708368,193148,2025-07-19T21:10:00+00:00,2025-07-20T02:08:00+00:00,298.0,12.66,3.7,home,0.3956,5.01,DRV_024adc4c-082e,false
83efa9f3a1c74c8a84351b64893ad232,175658,2025-02-24T15:03:00+00:00,2025-02-24T17:30:00+00:00,147.0,33.866,21.5,work,0.3426,11.6,DRV_5f15fc13-816c,false
9d6429320066453dade299a14a90cd0c,500472,2025-12-11T08:53:00+00:00,2025-12-11T15:13:00+00:00,380.0,59.353,16.1,work,0.3644,21.63,DRV_8a8ee626-3bd1,false
15eacbcfab1041ceaa143cd82ff3cde4,194460,2025-07-25T18:10:00+00:00,2025-07-25T18:52:00+00:00,42.0,144.04,350.0,public,0.7198,103.67,DRV_abb74637-f783,false
81e03a5e8b48449686abd4e7f4124360,189690,2025-04-29T08:12:00+00:00,2025-04-29T11:49:00+00:00,217.0,34.771,11.2,work,0.3408,11.85,DRV_ec3b891b-a2ae,false
785ac5d0df924621a3f4c69d0534a101,460947,2024-07-22T20:42:00+00:00,2024-07-23T06:03:00+00:00,561.0,65.196,9.5,home,0.3765,24.54,DRV_4125be92-e8f3,false
04287378bf5043f480ef39355f90bed6,463062,2024-08-27T08:19:00+00:00,2024-08-27T10:30:00+00:00,131.0,25.144,13.7,work,0.3113,7.83,DRV_a31ebfa0-52e4,false
a0d572c8a8374e68bba205ca3dba6da8,157587,2025-11-20T15:24:00+00:00,2025-11-20T20:20:00+00:00,296.0,27.45,7.7,home,0.4167,11.44,DRV_7fa74149-3ad0,false
0b5995622227419f951ff086c1b5b5ca,463059,2024-07-28T20:03:00+00:00,2024-07-28T23:53:00+00:00,230.0,10.613,4.5,home,0.3578,3.8,DRV_b1aa7cc4-5273,false
c775e395d49445f0acd2a404a48e40f1,175659,2024-01-29T09:55:00+00:00,2024-01-29T13:47:00+00:00,232.0,52.12,14.7,work,0.2999,15.63,DRV_1d47abd6-9bd9,false
c6b469efb74e4a9390275b532285b2ef,307835,2024-09-15T02:59:00+00:00,2024-09-15T11:00:00+00:00,481.0,35.086,8.3,home,0.374,13.12,DRV_6da302e7-b272,false
eef1669450ca432d8aba590ee2c328aa,169763,2025-02-12T20:22:00+00:00,2025-02-12T23:49:00+00:00,207.0,23.284,7.7,home,0.3707,8.63,DRV_8a8ee626-3bd1,false
40d92bce79304a208b040f49d0be73ee,171420,2024-12-12T20:12:00+00:00,2024-12-13T03:17:00+00:00,425.0,17.811,3.7,home,0.3789,6.75,DRV_e5d4c24c-4671,false
54f90429a7de42cc9da4f4a70c3ce284,193148,2025-12-02T22:42:00+00:00,2025-12-03T04:30:00+00:00,348.0,48.051,9.8,home,0.3985,19.15,DRV_85aee9dd-d320,false
be4969ec666743bba3b563606fdc0bad,469428,2025-01-04T19:45:00+00:00,2025-01-05T03:21:00+00:00,456.0,61.918,10.2,home,0.3707,22.95,DRV_ad225dbd-3bdd,false
7f072cb92fd340c0b945f2fd56cb1ab0,157587,2025-11-09T01:09:00+00:00,2025-11-09T10:09:00+00:00,540.0,34.989,6.1,home,0.3984,13.94,DRV_544c057a-c96b,false
cd180a8244474eab84ef4324cc1b4157,161358,2025-04-30T14:29:00+00:00,2025-04-30T22:08:00+00:00,459.0,62.639,15.5,work,0.344,21.55,DRV_27cf69e4-32fb,false
d284f54efebe40db9a3a61036e3c4532,459865,2025-03-13T21:11:00+00:00,2025-03-14T00:32:00+00:00,201.0,29.884,10.5,home,0.3826,11.43,DRV_0a7f6fde-8be2,false
a932009453f24f11947f65701a43db54,162381,2024-06-01T09:14:00+00:00,2024-06-01T09:51:00+00:00,37.0,46.399,100.0,public,0.6356,29.49,DRV_f5aaf4bf-9958,false
b0946d2a2aa94b43ad15f16fb7b8c1a5,175522,2024-09-20T09:29:00+00:00,2024-09-20T10:54:00+00:00,85.0,33.137,40.0,public,0.6618,21.93,DRV_38cc6ec6-1d1f,false
5a4153b3e95f476c9ebac186ba108217,235604,2025-10-29T14:23:00+00:00,2025-10-29T20:08:00+00:00,345.0,52.039,11.2,work,0.3558,18.52,DRV_fbc3c565-5033,false
f2a9dc8aca9e4a62bae3114ba3b442bd,167250,2025-09-09T21:28:00+00:00,2025-09-10T05:09:00+00:00,461.0,40.434,7.7,home,0.414,16.74,DRV_70fbeb0b-f8d0,false
f3ea018428f443ceadedda80bff9507d,175716,2025-01-22T10:23:00+00:00,2025-01-22T17:17:00+00:00,414.0,93.841,16.6,work,0.3297,30.94,DRV_58300188-f3d9,false
c74cc8903c6a4174913634a520509c62,463388,2025-11-19T17:04:00+00:00,2025-11-19T17:33:00+00:00,29.0,7.614,22.2,public,0.8124,6.19,DRV_5ddb1bba-eb06,false
9ae77eab084a47809136f1f8f31046dc,176107,2025-10-02T08:04:00+00:00,2025-10-02T14:07:00+00:00,363.0,46.189,14.3,work,0.3573,16.5,DRV_4b7fcaa8-e06e,false
c359810a71a6414c9f3c44dc5ef787b8,161552,2024-04-14T13:15:00+00:00,2024-04-14T14:10:00+00:00,55.0,50.361,100.0,public,0.6126,30.85,DRV_5633a403-f76f,false
1d0af7f7f5e44471bfe68c9c4758367b,175519,2025-05-08T15:31:00+00:00,2025-05-08T21:35:00+00:00,364.0,52.962,11.2,work,0.3389,17.95,DRV_1c446039-a501,false
42a259a6c66442858303cbc11e2595b8,210127,2025-09-19T09:12:00+00:00,2025-09-19T15:42:00+00:00,390.0,99.822,16.8,work,0.3558,35.52,DRV_424e0e06-1423,false
ea9e5c8db1a8471f891b90e99ca3fbb3,307835,2025-09-26T13:37:00+00:00,2025-09-26T21:47:00+00:00,490.0,51.282,8.0,home,0.4167,21.37,DRV_d6947f7c-4d3e,false
ae92ea71cf7d4b439679742fff4c96d6,157640,2024-03-24T15:45:00+00:00,2024-03-24T16:30:00+00:00,45.0,26.879,50.0,public,0.5679,15.26,DRV_b67796ee-2076,false
e42e50374a554ea08acbbe098ccc9cea,472800,2024-08-07T13:53:00+00:00,2024-08-07T21:52:00+00:00,479.0,49.484,7.3,home,0.378,18.71,DRV_6dbe7256-a2a3,false
a3404f08b34141b8ad6522b4b5a5f8e6,175656,2025-01-01T16:56:00+00:00,2025-01-01T22:57:00+00:00,361.0,58.201,13.3,work,0.3274,19.05,DRV_458911dd-9bba,false
3373730efc3145979f119c0f3967e60a,504567,2024-09-03T20:21:00+00:00,2024-09-03T20:44:00+00:00,23.0,109.959,400.0,public,0.6462,71.06,DRV_47c25cd4-9ca2,false
8dd4595b5c6346f386ba8cd37e7838c9,472800,2024-04-11T19:56:00+00:00,2024-04-12T00:49:00+00:00,293.0,23.876,7.8,home,0.3641,8.69,DRV_59775306-4fb7,false
9ca8a5c421384fe08d38bbd8fba6abf7,175653,2025-05-23T15:52:00+00:00,2025-05-23T21:07:00+00:00,315.0,75.262,18.2,work,0.3441,25.9,DRV_6148a509-2091,false
c4e7f7dd69294e738693fd9d7a89cbeb,463059,2025-03-01T22:18:00+00:00,2025-03-02T01:00:00+00:00,162.0,12.356,6.1,home,0.3863,4.77,DRV_8b2afbb2-0e10,false
a4704d48512849b1b8ede0ca20156a72,507620,2024-05-26T17:22:00+00:00,2024-05-26T17:48:00+00:00,26.0,8.177,22.2,public,0.6558,5.36,DRV_c8e39509-a06c,false
e0c1ff1e20da497298321ee48471b4b0,499097,2025-04-24T20:10:00+00:00,2025-04-25T05:18:00+00:00,548.0,33.464,5.3,home,0.3859,12.91,DRV_71e1c2b2-941c,false
f75d1e3cc48d4650ae9522d696792482,195016,2024-02-25T08:52:00+00:00,2024-02-25T09:38:00+00:00,46.0,176.82,350.0,public,0.7292,128.94,DRV_0e330d21-dbca,false
1fc905f8d4d647358e2f8958de431e06,171420,2024-12-12T21:31:00+00:00,2024-12-13T03:54:00+00:00,383.0,31.873,9.3,home,0.3734,11.9,DRV_85dbf177-0ca9,false
b596ca7cef4a4a889299e5052976aab2,478923,2025-09-16T11:12:00+00:00,2025-09-16T11:27:00+00:00,15.0,77.303,400.0,public,0.7677,59.34,DRV_a03aa09e-4160,false
a29319fa324047a18027ab7d143029a9,175697,2025-11-09T08:48:00+00:00,2025-11-09T10:10:00+00:00,82.0,49.174,40.0,public,0.7786,38.29,DRV_69113d17-5e48,false
8892042f9d4b4bf98d85e9c7a0017720,235604,2024-08-28T14:51:00+00:00,2024-08-28T18:57:00+00:00,246.0,68.625,18.5,work,0.3264,22.4,DRV_81f477f8-cf31,false
2779468594a54fdeb10d27c89780c215,175514,2025-10-24T10:38:00+00:00,2025-10-24T12:04:00+00:00,86.0,41.219,40.0,public,0.6614,27.26,DRV_fbc3c565-5033,false
d7b00bdc566e4cbe9aea622fe6e987ca,478923,2025-11-09T08:23:00+00:00,2025-11-09T09:19:00+00:00,56.0,263.36,400.0,public,0.688,181.18,DRV_077e1306-cd15,false
a394ed549e3c4a88aaa56e6d92779574,194466,2025-05-09T15:13:00+00:00,2025-05-09T15:50:00+00:00,37.0,137.221,350.0,public,0.7098,97.4,DRV_684204b1-aaec,false
ce000af03eb04181bba245884d560a3d,160899,2025-12-23T02:45:00+00:00,2025-12-23T05:17:00+00:00,152.0,21.643,9.5,home,0.4244,9.19,DRV_3cad45b1-6c08,false
0f5675f8b0484aa192ae5c22741b77f5,210126,2024-08-28T16:46:00+00:00,2024-08-28T18:47:00+00:00,121.0,16.99,15.7,work,0.3251,5.52,DRV_1998457a-45bc,false
9b4e164b57164c2eb43ada2a76e5ae78,171420,2024-03-03T23:30:00+00:00,2024-03-04T06:39:00+00:00,429.0,39.124,6.7,home,0.3486,13.64,DRV_775ceaa7-89cb,false
8fc85fc083d54ceb9edbb8eec2baf0e0,162312,2025-10-15T15:44:00+00:00,2025-10-15T19:35:00+00:00,231.0,49.246,18.3,work,0.3526,17.36,DRV_337d4809-cd87,false
3f779cae7318496d847906121f5d988f,162239,2025-02-19T10:11:00+00:00,2025-02-19T16:20:00+00:00,369.0,28.248,5.9,home,0.3831,10.82,DRV_8b2afbb2-0e10,false
7faeb7487781421e83c501cbfef7d9ea,175716,2024-11-18T14:31:00+00:00,2024-11-18T16:47:00+00:00,136.0,27.368,16.0,work,0.3222,8.82,DRV_16380912-ceb5,false
8164ceec64ab451bb1fac6e7170d7507,162312,2024-02-19T07:19:00+00:00,2024-02-19T11:14:00+00:00,235.0,46.607,17.1,work,0.3118,14.53,DRV_ab596c92-5c3f,false
0cf0374c0c744c0f9a57553995560a2d,175600,2024-02-27T14:59:00+00:00,2024-02-27T21:29:00+00:00,390.0,53.331,11.8,work,0.3039,16.21,DRV_8074fc09-0bf2,false
78786140ac2a4f71a77d95f1d7c4fe9c,504574,2024-03-22T09:25:00+00:00,2024-03-22T12:39:00+00:00,194.0,40.54,16.7,work,0.3008,12.19,DRV_04e89d5c-ec53,false
668c84770b95417c9dae1201673ba8bd,504569,2024-06-25T13:12:00+00:00,2024-06-25T14:04:00+00:00,52.0,114.223,150.0,public,0.6467,73.87,DRV_6a017aa5-1260,false
12d2fa0649e14d138da004955cce5ba9,171318,2025-12-19T10:11:00+00:00,2025-12-19T10:43:00+00:00,32.0,17.594,50.0,public,0.6811,11.98,DRV_a31ebfa0-52e4,false
fd350c5fd3474a3b879bc6378cc36f3b,463062,2024-09-27T18:59:00+00:00,2024-09-27T21:52:00+00:00,173.0,29.203,15.3,work,0.3196,9.33,DRV_16633cb1-d1ee,false
64d6dfbf18c04e2bb99f070420f0156a,210127,2025-10-01T09:59:00+00:00,2025-10-01T15:54:00+00:00,355.0,48.793,14.4,work,0.3583,17.48,DRV_fbc3c565-5033,false
8255da619a3b4319b2f5751024eeb4a6,504573,2024-01-19T13:47:00+00:00,2024-01-19T14:38:00+00:00,51.0,95.698,150.0,public,0.6613,63.28,DRV_09e9ed4f-a8e4,false
554227deb6ad448ba314d0c809f64405,307835,2024-10-30T08:28:00+00:00,2024-10-30T16:22:00+00:00,474.0,60.886,8.8,home,0.3775,22.98,DRV_6b05c9ed-590b,false
83f82f16e4a4474c9b33e3a42620f9a9,463059,2025-11-18T18:39:00+00:00,2025-11-19T03:17:00+00:00,518.0,33.248,5.4,home,0.4279,14.23,DRV_23bea131-ef03,false
4c9a9f24d7b44294bd44089d9dd2f9de,472800,2024-06-26T22:42:00+00:00,2024-06-27T04:22:00+00:00,340.0,19.06,6.0,home,0.3628,6.92,DRV_d2c58862-751a,false
b56ff8ce7d66471e88476c56827c9f8c,175656,2024-10-01T08:07:00+00:00,2024-10-01T11:58:00+00:00,231.0,39.612,14.8,work,0.3243,12.85,DRV_85d3ea65-19d0,false
ac7e937c54cc4e2a9e4cb287044251db,171420,2025-10-06T03:08:00+00:00,2025-10-06T05:17:00+00:00,129.0,12.87,8.8,home,0.4158,5.35,DRV_7c4d19d0-db69,false
b9aed8e4e61549c88bf81f864ec3f970,504501,2024-04-23T08:23:00+00:00,2024-04-23T08:50:00+00:00,27.0,109.975,400.0,public,0.6107,67.16,DRV_50918071-613a,false
f791f1e543f94d6bb97ebe8798cf1188,312711,2024-02-16T14:22:00+00:00,2024-02-16T22:01:00+00:00,459.0,72.343,12.8,work,0.3143,22.73,DRV_18dfb6a7-e2f9,false
2ba6adb37afe41149561c8130d259caa,506364,2025-12-16T19:28:00+00:00,2025-12-17T02:45:00+00:00,437.0,42.549,7.6,home,0.4233,18.01,DRV_f477a4ab-7718,false
25d4a0fc615447659756ba9cc64c9647,507621,2024-12-27T18:18:00+00:00,2024-12-27T19:18:00+00:00,60.0,12.929,22.2,public,0.7228,9.34,DRV_db19e7a0-0c8c,false
1c221ceab35546a5b2bd92f29293f705,175718,2025-06-14T18:37:00+00:00,2025-06-14T19:47:00+00:00,70.0,32.542,40.0,public,0.7912,25.75,DRV_dc35ab3b-8082,false
b0c4a01c69b740faa6c432f66b352f85,499097,2024-04-28T02:45:00+00:00,2024-04-28T07:11:00+00:00,266.0,36.623,10.7,home,0.3542,12.97,DRV_e68d5b0f-5771,false
df70fb2a78bb42a5aba742d29c89d374,162238,2024-08-02T22:52:00+00:00,2024-08-03T03:07:00+00:00,255.0,33.003,8.6,home,0.3626,11.97,DRV_4f48e334-2309,false
3514589084c84c46a3595fa4b4adaf89,162238,2025-01-30T21:24:00+00:00,2025-01-30T23:08:00+00:00,104.0,9.645,10.3,home,0.4054,3.91,DRV_0ffa9665-7f91,false
e980f80875ac424cac55aef7f4e95734,169763,2025-06-26T19:17:00+00:00,2025-06-27T03:35:00+00:00,498.0,49.777,7.3,home,0.4027,20.04,DRV_634ec500-fcd1,false
b88e830fde1e494a85a11f5cad05b912,469428,2024-10-08T13:09:00+00:00,2024-10-08T15:21:00+00:00,132.0,9.463,7.8,home,0.3776,3.57,DRV_ce6a9dd3-4ea5,false
313839757bf34a349c2dfa9743ad3d62,303137,2025-11-07T17:33:00+00:00,2025-11-07T18:29:00+00:00,56.0,164.656,250.0,public,0.8798,144.87,DRV_0e330d21-dbca,false
f910abb3f1054252b990e2c94c6a70f4,307648,2025-09-10T19:02:00+00:00,2025-09-11T01:40:00+00:00,398.0,42.57,7.2,home,0.4203,17.89,DRV_23bea131-ef03,false
594b2a3a7ad445a19129950d7d2f4e58,474506,2025-03-31T13:51:00+00:00,2025-03-31T15:55:00+00:00,124.0,11.722,6.7,home,0.4032,4.73,DRV_9454d7cc-2cdd,false
1f33242d49ac408786015028b8beff3d,504573,2025-01-30T07:28:00+00:00,2025-01-30T07:51:00+00:00,23.0,46.153,150.0,public,0.8179,37.75,DRV_60642eab-f319,false
d1812f7765004423baebcd19e5508ea2,460080,2025-05-17T14:36:00+00:00,2025-05-17T14:36:00+00:00,0.0,0.0,21.9,work,0.3439,0.0,DRV_3cad45b1-6c08,false
49a224410ac44e858a5b1aff257f7595,463387,2025-08-07T15:24:00+00:00,2025-08-07T16:26:00+00:00,62.0,14.452,22.2,public,0.6893,9.96,DRV_dd1465ed-4ffe,false
eedaa8024568442689e03e22d3f4a49b,301733,2024-05-07T09:00:00+00:00,2024-05-07T09:34:00+00:00,34.0,112.998,350.0,public,0.7016,79.27,DRV_ebc6f888-ec56,false
963a8617bdab47e79d9d028e1bf645f6,312711,2025-10-21T16:47:00+00:00,2025-10-21T23:42:00+00:00,415.0,94.063,18.8,work,0.3573,33.61,DRV_a662e526-200e,false
69ce1e4e19a642c98d700ea43b9b2d45,176321,2025-02-18T03:28:00+00:00,2025-02-18T05:19:00+00:00,111.0,10.767,9.4,home,0.397,4.27,DRV_01fe8300-e32e,false
0153922123314a288550eca8ae62990c,507622,2025-12-02T11:24:00+00:00,2025-12-02T11:59:00+00:00,35.0,11.086,22.2,public,0.7468,8.28,DRV_ec3b891b-a2ae,false
7a3a10e179c743a0a0decc3de1721c83,301728,2025-12-12T12:45:00+00:00,2025-12-12T13:34:00+00:00,49.0,167.554,350.0,public,0.6835,114.53,DRV_2964807c-9b6a,false
a55990e749104ade92380bf24988e418,303139,2024-01-28T16:20:00+00:00,2024-01-28T16:42:00+00:00,22.0,73.305,250.0,public,0.7124,52.22,DRV_c8194d1c-9d76,false
efc9909ed9af4e09b91e3d6ebd1a8f4b,193148,2024-12-13T01:38:00+00:00,2024-12-13T03:02:00+00:00,84.0,6.972,7.4,home,0.3858,2.69,DRV_68a2e8cf-ce19,false
ff46a6bf094d416dab6d2fedef158d5b,194460,2025-03-14T16:43:00+00:00,2025-03-14T17:30:00+00:00,47.0,244.825,350.0,public,0.6798,166.44,DRV_79e0b63d-8f66,false
e0723d964a1a41f5ad10f004df4e713e,169762,2025-03-24T10:58:00+00:00,2025-03-24T15:02:00+00:00,244.0,29.078,11.8,work,0.323,9.39,DRV_a24d3491-f33e,false
fba57cc8edaf47669b780ede9a4ffc0c,160899,2025-10-04T04:46:00+00:00,2025-10-04T11:41:00+00:00,415.0,41.953,9.3,home,0.4046,16.97,DRV_63d1bca8-00be,false
7e710b5586394d418b15bd94a42d0cd7,312711,2024-05-13T08:01:00+00:00,2024-05-13T14:21:00+00:00,380.0,79.186,18.9,work,0.3074,24.34,DRV_127a4d83-18c7,false
2999394c54a7469b9cd66b09cf0e6d2b,185538,2025-05-20T10:37:00+00:00,2025-05-20T18:20:00+00:00,463.0,129.906,20.0,work,0.3423,44.47,DRV_7f7fd44c-38f2,false
bc92fd81039b458cafaabe0bb7f60cdf,162239,2025-12-06T17:36:00+00:00,2025-12-07T03:18:00+00:00,582.0,79.175,10.5,home,0.4303,34.07,DRV_ab596c92-5c3f,false
2ced3c0d317344b581dd484aaca58d95,175716,2025-12-30T08:07:00+00:00,2025-12-30T11:56:00+00:00,229.0,55.108,16.8,work,0.36,19.84,DRV_18cef4e4-83e1,false
83e96ef46d7d45d093b59af767ce378f,463389,2024-01-11T14:45:00+00:00,2024-01-11T16:11:00+00:00,86.0,18.222,22.2,public,0.6798,12.39,DRV_0ffa9665-7f91,false
23ff23d3fb4f488aaf4dd219186b2880,463059,2025-12-19T18:22:00+00:00,2025-12-19T23:06:00+00:00,284.0,31.95,7.8,home,0.418,13.35,DRV_8caeaa61-4da8,false
3c4b1eec62314e7382c2d2eb01bf9e73,189427,2024-04-23T17:37:00+00:00,2024-04-24T01:32:00+00:00,475.0,80.183,18.7,work,0.3053,24.48,DRV_170b165e-41f7,false
b90ed44b951c45d58d4c5280546252e7,502190,2025-03-21T20:16:00+00:00,2025-03-22T04:37:00+00:00,501.0,43.272,7.5,home,0.3921,16.97,DRV_a31ebfa0-52e4,false
0fe761493c7e4368b15948475c0b9b10,307648,2024-08-29T00:10:00+00:00,2024-08-29T08:14:00+00:00,484.0,45.901,9.5,home,0.374,17.17,DRV_7d2f60f9-0c76,false
80a52e65afa24559a7c9620428e333b6,504501,2025-05-09T14:23:00+00:00,2025-05-09T14:39:00+00:00,16.0,75.19,400.0,public,0.772,58.04,DRV_5c8118ab-1f0b,false
4b87959ff0cd4f05aa87855ea38295d3,301730,2024-02-03T07:12:00+00:00,2024-02-03T07:34:00+00:00,22.0,97.601,350.0,public,0.7389,72.12,DRV_9ddcdfed-1457,false
27372b527a6a4107a2319050f5159494,167250,2024-08-21T18:59:00+00:00,2024-08-21T23:34:00+00:00,275.0,24.48,7.7,home,0.3698,9.05,DRV_23bea131-ef03,false
899ac252c1e1494ab8883058e9ad0e9b,504567,2024-10-13T12:43:00+00:00,2024-10-13T13:37:00+00:00,54.0,0.0,400.0,public,0.6608,0.0,DRV_0ae54ec6-b1a9,false
14f573d0c99140329f85c77798874bfe,507622,2025-11-22T19:02:00+00:00,2025-11-22T20:08:00+00:00,66.0,19.997,22.2,public,0.8711,17.42,DRV_3e3d4fbd-8994,false
906d5c8cead04c8993fe8a295c9deee0,459865,2025-04-22T18:23:00+00:00,2025-04-22T22:21:00+00:00,238.0,23.8,8.5,home,0.3971,9.45,DRV_f497613d-48fc,false
53ff84612a1f4b61a65cb9d989628f6e,303136,2025-07-20T18:54:00+00:00,2025-07-20T19:38:00+00:00,44.0,153.822,250.0,public,0.8075,124.21,DRV_d757e7dd-ebe2,false
95492a82b7874f8db495311eae27d432,157550,2025-06-27T19:35:00+00:00,2025-06-28T03:42:00+00:00,487.0,54.471,7.9,home,0.4122,22.45,DRV_0e330d21-dbca,false
741423b50e3e45f28f0671c7720b274b,295782,2024-12-19T13:29:00+00:00,2024-12-19T14:04:00+00:00,35.0,74.88,140.0,public,0.702,52.57,DRV_339b1933-d85d,false
765e6cb58f0d45408ec7d662905c7bdd,176107,2024-01-12T09:32:00+00:00,2024-01-12T15:43:00+00:00,371.0,83.039,18.7,work,0.2944,24.45,DRV_665ec61b-5cd1,false
d103142441244bb4a55ce5080592bfa5,161416,2024-04-08T09:18:00+00:00,2024-04-08T14:51:00+00:00,333.0,105.553,20.9,work,0.3104,32.77,DRV_09d6aacb-fb2a,false
fe7ee3628a8940f0905291d3b34c6c73,176321,2025-01-29T21:23:00+00:00,2025-01-30T07:18:00+00:00,595.0,34.35,6.4,home,0.3782,12.99,DRV_ca709513-e963,false
c4db5a622e13418da8ab80ea497ec6d1,301733,2025-12-05T19:11:00+00:00,2025-12-05T19:27:00+00:00,16.0,79.805,350.0,public,0.8863,70.73,DRV_23bea131-ef03,false
6b9cd71cf6ba445ba55871e3bab2b77d,157587,2024-09-01T12:42:00+00:00,2024-09-01T20:22:00+00:00,460.0,43.169,7.7,home,0.3602,15.55,DRV_3da703dd-40aa,false
e821e716eac84da19e9f6f5b72d35458,160899,2025-07-13T18:14:00+00:00,2025-07-14T03:22:00+00:00,548.0,44.967,10.0,home,0.3892,17.5,DRV_19e3f2bf-375e,false
8a0f9508dfe240a0a96b3c42f6d22a7b,193148,2025-10-06T10:25:00+00:00,2025-10-06T15:59:00+00:00,334.0,27.557,5.7,home,0.4122,11.36,DRV_88abb3b1-b69b,false
00e3a026d5b64e85b90239d9fa8dae42,161551,2025-11-17T13:55:00+00:00,2025-11-17T14:53:00+00:00,58.0,86.811,100.0,public,0.7645,66.36,DRV_2523b3d4-47b7,false
d2c7bffb6118433b882ccd1e6c93a791,160899,2024-10-08T21:24:00+00:00,2024-10-09T05:05:00+00:00,461.0,52.304,9.4,home,0.3749,19.61,DRV_ac5bd313-8345,false
effa20023040413c8690fb1527b608dc,504501,2025-11-30T09:20:00+00:00,2025-11-30T10:20:00+00:00,60.0,278.769,400.0,public,0.7282,203.0,DRV_c4627772-bdf3,false
34c1c3ea3d9c4e6484015cede39836bb,175655,2025-05-09T09:25:00+00:00,2025-05-09T13:57:00+00:00,272.0,79.712,20.0,work,0.363,28.94,DRV_0ffa9665-7f91,false
b40a9181ac094db799086e477249f62c,274124,2025-03-02T20:14:00+00:00,2025-03-03T06:06:00+00:00,592.0,34.053,6.8,home,0.3771,12.84,DRV_7d17fa04-6954,false
3bfda8a6705f4df5a6fadca00b531932,162238,2025-09-08T11:43:00+00:00,2025-09-08T17:42:00+00:00,359.0,50.456,10.1,home,0.418,21.09,DRV_e90a28d8-44e4,false
80ff517323df4cd78e731dd7c6ac1b04,193148,2024-08-21T01:40:00+00:00,2024-08-21T05:15:00+00:00,215.0,14.923,5.1,home,0.374,5.58,DRV_73d7ef6e-5db0,false
ac2b0cfcc5c54060991121e793d563ae,161414,2025-09-29T10:15:00+00:00,2025-09-29T15:46:00+00:00,331.0,64.054,15.7,work,0.3664,23.47,DRV_c1e6b6a6-1fb6,false
a903ae67fc564b53a4acb722e0527739,195016,2025-06-08T16:25:00+00:00,2025-06-08T16:53:00+00:00,28.0,117.005,350.0,public,0.7892,92.34,DRV_e5d4c24c-4671,false
f2d2393f8e85440d8f9aeb7046707cd6,160959,2025-09-20T23:31:00+00:00,2025-09-21T07:03:00+00:00,452.0,42.054,9.6,home,0.4128,17.36,DRV_2ef21bc0-ba8a,false
6d5d0477adc24178a04116122cd58759,194562,2025-10-22T19:52:00+00:00,2025-10-22T20:40:00+00:00,48.0,159.694,350.0,public,0.8097,129.31,DRV_9d890541-0d65,false
abdd1a8fa4b04c89b10bce9c582b91ee,167250,2025-05-16T18:20:00+00:00,2025-05-17T00:22:00+00:00,362.0,28.07,6.4,home,0.3997,11.22,DRV_1998457a-45bc,false
2633201868834c6eaa944054b2414482,504569,2024-02-03T17:34:00+00:00,2024-02-03T18:01:00+00:00,27.0,43.017,150.0,public,0.6335,27.25,DRV_155b39ff-c4fb,false
d96e684f3db0474eb938878a89b5aab0,478922,2024-10-12T15:56:00+00:00,2024-10-12T16:47:00+00:00,51.0,209.535,400.0,public,0.677,141.86,DRV_ac4ee2cc-0e37,false
f7c0d5f769a54b4f8ff8869d0ec0713d,195015,2025-11-02T14:15:00+00:00,2025-11-02T14:39:00+00:00,24.0,107.28,350.0,public,0.7071,75.86,DRV_256ca330-3f4e,false
340de04941474506be2bf9c9636f6e5c,188549,2025-05-22T09:43:00+00:00,2025-05-22T13:26:00+00:00,223.0,29.909,11.4,work,0.3404,10.18,DRV_8d94cedd-60c6,false
17abb8635efe4f4f98ddbbc073253aa3,194465,2025-11-09T11:39:00+00:00,2025-11-09T12:04:00+00:00,25.0,94.544,350.0,public,0.7564,71.51,DRV_22443d0d-535e,false
ac75c344608e449e84b9e6020d31812e,459865,2024-12-13T17:08:00+00:00,2024-12-13T19:33:00+00:00,145.0,14.425,7.8,home,0.3859,5.57,DRV_6015979a-27a4,false
c2fe8954cdfd4531b02b783112a1fe7d,460947,2025-02-28T23:59:00+00:00,2025-03-01T09:11:00+00:00,552.0,22.124,4.5,home,0.3924,8.68,DRV_0ffa9665-7f91,false
de95d69535794143bab99428378e6510,162239,2025-10-26T19:46:00+00:00,2025-10-27T00:53:00+00:00,307.0,21.925,5.0,home,0.42,9.21,DRV_0fe8cf78-3a1c,false
efe9b3d0363948bf83ece8ffe8b3d763,176107,2025-08-28T16:25:00+00:00,2025-08-28T21:47:00+00:00,-347.4136176882616,44.238,15.0,work,0.3584,15.86,DRV_ad225dbd-3bdd,true
7a9a8ef5c11b41c4bfe3f366bf337a15,303138,2024-12-08T11:33:00+00:00,2024-12-08T12:29:00+00:00,56.0,194.391,250.0,public,0.6028,117.19,DRV_1ad84019-af7b,false
c68813fe52554c758d55119e3d44cb2c,175599,2024-01-19T08:21:00+00:00,2024-01-19T13:07:00+00:00,286.0,50.995,15.4,work,0.3049,15.55,DRV_a31ebfa0-52e4,false
42f5b3f54ef4434d9bf86f3ca6129a1c,203701,2025-11-04T21:15:00+00:00,2025-11-04T22:02:00+00:00,47.0,61.634,100.0,public,0.7328,45.16,DRV_23bea131-ef03,false
fb37afaecd8543ca993e638d774c0afa,157550,2025-09-13T12:53:00+00:00,2025-09-13T14:31:00+00:00,98.0,12.689,10.4,home,0.395,5.01,DRV_69113d17-5e48,false
5ee68495340049c3aa11905b51facefa,497253,2025-01-24T14:35:00+00:00,2025-01-24T14:57:00+00:00,22.0,26.237,100.0,public,0.8177,21.45,DRV_97d80279-5ca3,false
255b30e2bdc2474bb8a56b49dd34aa18,459865,2025-03-28T01:22:00+00:00,2025-03-28T07:15:00+00:00,353.0,35.592,6.9,home,0.3912,13.92,DRV_9bcbcec3-8866,false
54720d2d32394ffba7046f254b91b8cb,160959,2024-07-17T21:51:00+00:00,2024-07-18T02:50:00+00:00,299.0,18.549,6.5,home,0.3724,6.91,DRV_6a3cd66e-8b84,false
a79463208cf648b8bfd238c33ee82983,203702,2024-12-31T06:26:00+00:00,2024-12-31T07:00:00+00:00,34.0,50.924,100.0,public,0.656,33.4,DRV_9057c2b8-4882,false
f76d15fd7d1645a09253d966c36b9a0a,301731,2024-06-04T19:11:00+00:00,2024-06-04T19:11:00+00:00,0.0,0.0,350.0,public,0.742,0.0,DRV_f2da1624-db27,false
cb8383f2bb964602ab115c3675f8e3a8,175656,2024-07-23T08:09:00+00:00,2024-07-23T11:08:00+00:00,179.0,43.836,17.7,work,0.3259,14.28,DRV_da68f316-1046,false
eab9eb022f1d4121bd024c6d8bea75c1,176321,2025-10-17T04:56:00+00:00,2025-10-17T13:10:00+00:00,494.0,40.259,5.6,home,0.4128,16.62,DRV_4de80863-4606,false
f1f7d9041307415798c128e7d6cd3155,175511,2024-11-28T15:22:00+00:00,2024-11-28T22:20:00+00:00,418.0,74.663,19.7,work,0.3381,25.24,DRV_cbb84961-28a2,false
8177b66137fe432c8257185126a9e100,160899,2025-09-29T15:23:00+00:00,2025-09-29T20:37:00+00:00,314.0,30.659,6.8,home,0.4153,12.73,DRV_50753e15-7418,false
9dd43675ef144064aab07015a3422e50,478923,2025-02-08T11:32:00+00:00,2025-02-08T12:00:00+00:00,28.0,142.441,400.0,public,0.7176,102.22,DRV_5de6fec4-3eea,false
fa3c1628892641df865568b7b8e19f56,194333,2024-03-05T15:34:00+00:00,2024-03-05T16:05:00+00:00,31.0,18.442,50.0,public,0.6528,12.04,DRV_99c3b75c-238d,false
ce6101996e3a4ba8ac8d6c7db2a6e468,157587,2024-11-28T08:25:00+00:00,2024-11-28T09:55:00+00:00,90.0,8.037,8.5,home,0.3761,3.02,DRV_aa7b53bb-c1fd,false
86c5d1d69ea94508b12275923db02235,162238,2024-05-30T10:56:00+00:00,2024-05-30T16:27:00+00:00,331.0,21.204,6.6,home,0.3751,7.95,DRV_0a30c099-06d8,false
5f804eeb143a4affa59b0105cb80f288,499097,2025-07-10T00:19:00+00:00,2025-07-10T02:54:00+00:00,155.0,6.996,5.0,home,0.3994,2.79,DRV_2717edc6-ab46,false
39d1c7ffb27e4442bd7fe9733e42df5b,194466,2025-11-21T14:06:00+00:00,2025-11-21T14:26:00+00:00,20.0,57.303,350.0,public,0.8744,50.11,DRV_3ef60d16-bdfd,false
dbb44021fdde44afa75b395a14a34f7f,169762,2025-08-29T08:59:00+00:00,2025-08-29T14:06:00+00:00,307.0,38.324,12.3,work,0.3376,12.94,DRV_e4397e37-bbc2,false
8d7dd772608e4f5ca117727067c0518b,478922,2025-09-07T18:13:00+00:00,2025-09-07T19:08:00+00:00,55.0,287.337,400.0,public,0.7795,223.99,DRV_18cef4e4-83e1,false
7ff6b824152a4aecabdfcb41b3eda8f1,185538,2025-10-27T15:56:00+00:00,2025-10-27T19:09:00+00:00,193.0,43.148,16.2,work,0.356,15.36,DRV_460b6039-6408,false
dba3496ffa324f6990dbfad654ce26be,460080,2025-09-08T09:50:00+00:00,2025-09-08T14:13:00+00:00,263.0,33.775,14.4,work,0.3643,12.3,DRV_18dfb6a7-e2f9,false
e336c243b13944769e3ce88be6b9d31a,274124,2025-04-12T18:46:00+00:00,2025-04-12T23:37:00+00:00,291.0,39.753,9.5,home,0.4028,16.01,DRV_0ffa9665-7f91,false
ecf32053af3648cc93087974ec95b3ac,203702,2025-07-25T15:07:00+00:00,2025-07-25T15:55:00+00:00,48.0,56.727,100.0,public,0.764,43.34,DRV_ac4ee2cc-0e37,false
edc3a1c32dea4d2d886c405fa879d8f8,157587,2025-01-03T19:02:00+00:00,2025-01-04T03:21:00+00:00,499.0,31.642,6.5,home,0.379,11.99,DRV_1bbcc7b4-6fa4,false
65f6ba53d22648b3b674410dd218c9d6,175658,2024-03-04T10:10:00+00:00,2024-03-04T13:43:00+00:00,213.0,49.854,19.6,work,0.3014,15.03,DRV_b22dc090-4cc9,false
d5aba8ae91124bc0bd8f95f4905f9096,210127,2025-07-18T14:24:00+00:00,2025-07-18T20:48:00+00:00,384.0,49.621,15.8,work,0.3549,17.61,DRV_0ffa9665-7f91,false
c16f9bcc62434ed794ec3f338a624cbd,298781,2025-07-31T08:47:00+00:00,2025-07-31T14:14:00+00:00,327.0,54.665,15.4,work,0.3619,19.79,DRV_077e1306-cd15,false
8033f5c21413464db962c8a7b076a7dc,203702,2024-08-06T13:23:00+00:00,2024-08-06T14:23:00+00:00,60.0,60.934,100.0,public,0.8051,49.06,DRV_7edf749b-b97b,false
d6b361e43b6d4a0dafe5040b1901ef87,176321,2025-12-11T01:01:00+00:00,2025-12-11T03:29:00+00:00,148.0,18.361,10.5,home,0.4267,7.83,DRV_c9d3b0e3-92f9,false
658e54a298794f35b47199869d264599,460080,2024-02-15T16:04:00+00:00,2024-02-15T18:32:00+00:00,148.0,24.089,12.6,work,0.2926,7.05,DRV_0ae54ec6-b1a9,false
fe1a1ba9c8964c5b85f8c28da255e1bb,499097,2025-08-10T16:27:00+00:00,2025-08-10T18:53:00+00:00,146.0,12.292,7.1,home,0.4178,5.14,DRV_0e41cb6c-f19b,false
6e8d9644601b4bcbb0eebcce8d93e14a,176228,2025-12-17T14:01:00+00:00,2025-12-17T16:06:00+00:00,125.0,18.956,12.0,work,0.3608,6.84,DRV_18cef4e4-83e1,false
9e5d9c7ac5ac435495f00cb4614c721d,171420,2024-10-20T18:45:00+00:00,2024-10-21T01:30:00+00:00,405.0,61.517,10.1,home,0.3681,22.64,DRV_ef6a3f7d-e42d,false
277b0667449940a69500717012d15585,157587,2025-11-21T00:14:00+00:00,2025-11-21T05:13:00+00:00,299.0,16.438,4.4,home,0.4152,6.82,DRV_7ed5af68-ff48,false
5111d31d63be441dbd5a0c9e277eb0aa,307648,2025-10-06T01:29:00+00:00,2025-10-06T02:32:00+00:00,63.0,4.494,7.8,home,0.4062,1.83,DRV_ac4ee2cc-0e37,false
5c238d8d71da45b98eea9db8f165d779,160959,2025-08-16T08:47:00+00:00,2025-08-16T13:44:00+00:00,297.0,17.337,4.1,home,0.4064,7.05,DRV_0e330d21-dbca,false
72e76b516e544c6daff8e87e16591c89,506364,2025-12-11T19:33:00+00:00,2025-12-12T05:04:00+00:00,571.0,31.182,5.6,home,0.4255,13.27,DRV_1b0b6279-e4c7,false
5a9a206a16f142a286b919aa1a7167c7,504574,2025-06-11T14:52:00+00:00,2025-06-11T20:26:00+00:00,334.0,86.344,21.8,work,0.3456,29.84,DRV_29ae7d55-d1fc,false
629ef3d8dd1c4267930ddda6c8d0f9e5,307729,2025-02-21T09:50:00+00:00,2025-02-21T15:18:00+00:00,328.0,53.306,12.4,work,0.336,17.91,DRV_ac4ee2cc-0e37,false
e6b0da0ab98f4dbe95aede0fc777a07f,171420,2025-06-27T18:10:00+00:00,2025-06-27T23:27:00+00:00,317.0,28.761,8.0,home,0.3919,11.27,DRV_ce6a9dd3-4ea5,false
238b05b72b64477ca177a771af70de70,157550,2024-12-31T14:01:00+00:00,2024-12-31T16:01:00+00:00,120.0,14.169,8.4,home,0.3779,5.36,DRV_1fdb2dfa-e4af,false
6f46f1b12ace4aa9903246b3255bfc1c,474506,2024-11-02T18:51:00+00:00,2024-11-03T02:06:00+00:00,435.0,32.077,6.0,home,0.375,12.03,DRV_2421cfea-16d4,false
406f64d65c724ebd93b11e59c85cd714,176107,2024-03-14T09:39:00+00:00,2024-03-14T15:29:00+00:00,350.0,53.942,11.4,work,0.3024,16.31,DRV_044ee84f-aa67,false
4dfe111722af411f9b628a9d75366b9f,193148,2024-12-09T22:55:00+00:00,2024-12-10T04:07:00+00:00,312.0,30.463,9.6,home,0.3826,11.66,DRV_0ab48463-a98d,false
cdd7f460614047d39ec4ea48d773f98d,499097,2025-09-23T17:04:00+00:00,2025-09-24T01:00:00+00:00,476.0,71.837,10.4,home,0.4013,28.82,DRV_d07544bb-8b65,false
dc08bf29d2d3448890c300186e3cdd4f,307835,2025-12-07T16:59:00+00:00,2025-12-07T19:45:00+00:00,166.0,12.786,6.9,home,0.4302,5.5,DRV_8d4d5f35-e365,false
f280df1d9a6c4db992171c884ce953a7,175519,2025-12-20T15:59:00+00:00,2025-12-20T21:53:00+00:00,354.0,51.651,11.8,work,0.3666,18.93,DRV_f8ffee5e-c66d,false
f7fe604f65f34779b6ee5cdb2d79a2d1,167250,2024-07-19T20:16:00+00:00,2024-07-20T05:53:00+00:00,577.0,41.524,6.3,home,0.3735,15.51,DRV_5264f5a9-d6ec,false
936cd31cf7bf4244bdb2a7aaa205e54f,188549,2025-04-14T10:03:00+00:00,2025-04-14T15:28:00+00:00,325.0,60.546,21.6,work,0.3312,20.05,DRV_9aa5a648-4d46,false
64976593c92e4c939105c8d647c1c017,189690,2025-04-17T08:22:00+00:00,2025-04-17T12:09:00+00:00,227.0,26.974,12.8,work,0.3442,9.29,DRV_ac689835-0986,false
762cdfbcba2a47bab3f81c3106e3f949,194562,2024-06-17T09:26:00+00:00,2024-06-17T09:43:00+00:00,17.0,53.455,350.0,public,0.5622,30.05,DRV_83f171a3-ca36,false
b15da72dd4ce427c8a94ae9fcc351e4f,298781,2025-04-21T09:16:00+00:00,2025-04-21T12:56:00+00:00,220.0,53.776,19.2,work,0.3463,18.62,DRV_29cff0db-de43,false
3df519674d8640bda2224f9623a13e20,175599,2024-11-28T15:03:00+00:00,2024-11-28T22:16:00+00:00,433.0,47.013,11.5,work,0.3374,15.86,DRV_221b1f16-f0ca,false
12ef61016082486f8a00ef586c521d13,160959,2025-12-06T19:52:00+00:00,2025-12-06T20:53:00+00:00,61.0,5.737,7.0,home,0.4165,2.39,DRV_91dac92c-6bec,false
81b15db988cc4d49a69b29b8950df1a0,303138,2024-09-07T11:12:00+00:00,2024-09-07T11:53:00+00:00,41.0,150.099,250.0,public,0.6819,102.35,DRV_687af562-8ef0,false
e53f9644b39e4df29c0a1febf7eae66e,463061,2025-10-10T07:52:00+00:00,2025-10-10T14:32:00+00:00,400.0,78.69,21.1,work,0.3542,27.87,DRV_1a6b2a8b-73ef,false
c4da2c2e1bff427995c1604fea163354,160899,2025-11-13T19:15:00+00:00,2025-11-14T04:11:00+00:00,536.0,43.207,9.0,home,0.4294,18.55,DRV_0ffa9665-7f91,false
0b5707209cd8458ba5a1c8252a9528c3,175653,2025-08-11T14:50:00+00:00,2025-08-11T21:17:00+00:00,387.0,99.256,18.1,work,0.3409,33.83,DRV_ff229e0f-777f,false
c0afd193f7804f2fa64d5922a590fd3c,162238,2024-07-28T20:16:00+00:00,2024-07-28T21:50:00+00:00,94.0,10.881,7.8,home,0.3719,4.05,DRV_a31ebfa0-52e4,false
423cad9d193e478382b342541b1f2eb1,298781,2024-09-10T14:06:00+00:00,2024-09-10T21:29:00+00:00,443.0,85.695,13.6,work,0.3115,26.7,DRV_b6f4d3e1-0e66,false
